Artista,Oients Mensuals,Municipi,Spotify_id,Comarca,Població,Província,Comunitat Autònoma
Oques Grasses,730700,Roda de Ter,5qPeAT4ikl6gJNUexAOEy0,Osona,6490.0,Barcelona,Catalunya
The Tyets,721100,Mataró,6I63R76ouyFvUIwPggQxxT,Maresme,129661.0,Barcelona,Catalunya
Figa Flawas,663300,Valls,2enhM5DK9oTxWiCVpFIDv3,Alt Camp,24477.0,Tarragona,Catalunya
Mushkaa,577900,Vilassar de Mar,3jU5LKRsimuyZjA0lSkdPp,Maresme,21035.0,Barcelona,Catalunya
Buhos,420200,Calafell,7BdgXLhynRQk78pKkhAsAR,Baix Penedès,27601.0,Tarragona,Catalunya
Stay Homas,394400,Barcelona,7fUEi9sgiLw8gwQ307T6IU,Barcelonès,1664182.0,Barcelona,Catalunya
Els Catarres,382300,Aiguafreda,0InCPtI0kadS7s3cZrcbbY,Vallès Oriental,2512.0,Barcelona,Catalunya
La Fúmiga,372500,Alzira,2Y4AiImxLUoWEgxedb3Gtz,Ribera Alta,44352.0,València,Comunitat Valenciana
Txarango,368400,Sant Joan de les Abadesses,6XYRpcgPIK9OejoVzA7PbC,Ripollès,10803.0,Girona,Catalunya
Julieta,336400,Barcelona,7DzqOghrDEW0vlJxZXaeLj,Barcelonès,1664182.0,Barcelona,Catalunya
Zoo,283400,Gandia,7a3ryRcO3alwbqaX4RagzM,Safor,74562.0,València,Comunitat Valenciana
Ginestà,224600,Barcelona,3hi1Ewhqpzl1jO2GemGmv6,Barcelonès,1664182.0,Barcelona,Catalunya
Sopa de Cabra,219100,Girona,1qNkvcsEC2Hry31JWkYO3D,Gironès,103369.0,Girona,Catalunya
Beth,215000,Súria,6CkxdsUcfqkBviY2N6xsVA,Bages,5948.0,Barcelona,Catalunya
Manel,214300,Barcelona,40tHhop0T30DwienQBmTxb,Barcelonès,1664182.0,Barcelona,Catalunya
Doctor Prats,213200,Terrassa,7ncQ3AmAxYqTv2vY46YclW,Vallès Occidental,223627.0,Barcelona,Catalunya
Joan Dausà,205900,Sant Feliu de Llobregat,1GRFao1QTh0i5Wx5Ms0A3I,Baix Llobregat,45467.0,Barcelona,Catalunya
Els Amics de les Arts,201700,Barcelona,0op3EnoEZ0jQY13sbyoSo2,Barcelonès,1664182.0,Barcelona,Catalunya
Blaumut,196900,Barcelona,3LvDuQ0lHuIaNzW3Sv3NVO,Barcelonès,1664182.0,Barcelona,Catalunya
31 FAM,195700,Sabadell,0LweECx5LKm6I3gIcWMdpB,Vallès Occidental,216520.0,Barcelona,Catalunya
roots,168900,Mataró,25rfSQptHe18iy1f4TYR7A,Maresme,129661.0,Barcelona,Catalunya
FC Barcelona,166400,Barcelona,2zfI0nMFZdaQrFDx9l5OSR,Barcelonès,1664182.0,Barcelona,Catalunya
Els Pets,150800,Constantí,0OVfimlbekXaMrP8IoCzHJ,Tarragonès,6665.0,Tarragona,Catalunya
Lax'n'Busto,135400,el Vendrell,7Ix9GNTGIUIFBpPC6K0QeP,Baix Penedès,38373.0,Tarragona,Catalunya
Scotty DK,129100,-,0gOjPKtrlU8B7w11OkbYdo,,,,Catalunya
Flashy Ice Cream,118700,Sabadell,24yN33FZM27S4x4EJCFsjR,Vallès Occidental,216520.0,Barcelona,Catalunya
Sexenni,115800,Lleida,4u6NigaxBfdKYhDdifXSCR,Segrià,140403.0,Lleida,Catalunya
Teràpia de Shock,109800,Olot,516I5yMeUCjpibhW6Jbn1U,Garrotxa,35926.0,Girona,Catalunya
Antònia Font,105400,Palma,503mwh1GWEiWy9bzzpiTFW,Mallorca,407648.0,Illes Balears,Illes Balears
Sau,105000,Vic,3msvxEo03ktYlej2y2j3lF,Osona,47630.0,Barcelona,Catalunya
Ven'nus,99400,Sabadell,37sDYqqodoEv0XbJxCSLSK,Vallès Occidental,216520.0,Barcelona,Catalunya
Dani6ix & IZZKID,97000,Teià,3uvPbZvw5KBjF8WRkMsjcz,Maresme,6427.0,Barcelona,Catalunya
Cesk Freixas,97000,Sant Pere de Riudebitlles,5cl9YjDDdgrN50CJzZO6er,Alt Penedès,2380.0,Barcelona,Catalunya
El Pot Petit,93400,-,0ppZDI2m82SqnYimw7a7xj,Alt Empordà,,Girona,Catalunya
Dj Capde,91100,Vic,0DXKg3FniPodRRMb4AlCGw,Osona,47630.0,Barcelona,Catalunya
Lluís Llach,90400,Verges,3zVGMz661UQBxwt04UIYV0,Baix Empordà,1169.0,Girona,Catalunya
Auxili,88700,Ontinyent,4RwMQgPzQB228Lh2YCnI1B,Vall d'Albaida,35347.0,València,Comunitat Valenciana
Al·lèrgiques al pol·len,88000,Barcelona,0M6k9ahckv10ACmoT6IIbS,Barcelonès,1664182.0,Barcelona,Catalunya
Gossos,87400,Manresa,798kDjwOnvYR4iLHoDR3Gl,Bages,78245.0,Barcelona,Catalunya
Lluís Gavaldà,87200,Constantí,138mB2iB94eTAMfzGGKsv9,Tarragonès,6665.0,Tarragona,Catalunya
Pau Vallvé,85700,Barcelona,2e9wKql4wZPFzTfNgpBa9s,Barcelonès,1664182.0,Barcelona,Catalunya
Mama Dousha,84400,Barcelona,4jT1Pg2Ji7Zr2XnxrH1fsN,Barcelonès,1664182.0,Barcelona,Catalunya
Judit Neddermann,83600,Vilassar de Mar,1ImywUogV5mfqWMyXEvkgE,Maresme,21035.0,Barcelona,Catalunya
JazzWoman,80900,València,7yMJSfFJgb2YFBAKSckG4z,València,794288.0,València,Comunitat Valenciana
Lildami,78700,Terrassa,0gasUYSkVsXgX3p3bera9b,Vallès Occidental,223627.0,Barcelona,Catalunya
Maria Jaume,73200,Lloret de Vistalegre,2QYudLHQwV6MDxWpZZtMNO,Pla de Mallorca,1340.0,Illes Balears,Illes Balears
Adala,72800,Barcelona,353yEVdHO50wAvfjzQUwN4,Barcelonès,1664182.0,Barcelona,Catalunya
La Gossa Sorda,71800,Pego,0luDJsRYWbHW2Sj1I5TPrE,Marina Alta,10128.0,Alacant,Comunitat Valenciana
Pol Bordas,67300,Girona,1PcEYX38hbrPwOfzZmEqEI,Gironès,103369.0,Girona,Catalunya
Dàmaris Gelabert,63400,Barcelona,3FGL9zcXC0ZcBFui2S9PxK,Barcelonès,1664182.0,Barcelona,Catalunya
Obrint Pas,61300,València,2FURpqYsZpi99ySpKCOyQE,València,794288.0,València,Comunitat Valenciana
Aspencat,59600,Xaló,2cvEw5LbWVI1CspbDOgmcQ,Marina Alta,2739.0,Alacant,Comunitat Valenciana
Coral Sant Jordi,58100,Barcelona,11UrPWyoQgpyY2jETDYPBB,Barcelonès,1664182.0,Barcelona,Catalunya
Smoking Souls,57100,Pego,6EHWCnoYjPLhtr7Grw3804,Marina Alta,10128.0,Alacant,Comunitat Valenciana
Xavi Sarrià,56700,València,4PMfEsMG04n1mU3jbQGDVA,València,794288.0,València,Comunitat Valenciana
La Ludwig Band,54200,Espolla,1hOwyBjBzD71G76KApDEy5,Alt Empordà,412.0,Girona,Catalunya
La Trinca,54000,Canet de Mar,54Toa4i5KlxdbgaEUbz7Tj,Maresme,14865.0,Barcelona,Catalunya
Mishima,50800,Barcelona,2E7iSyZ5Mv8x5mGu1RcKzT,Barcelonès,1664182.0,Barcelona,Catalunya
Gertrudis,49700,la Garriga,3eAm5IYwnH7uTX5EBT9sbi,Vallès Oriental,16668.0,Barcelona,Catalunya
Roba Estesa,49600,Cambrils,3VzGOFrX7MDtLe2Wfndgjt,Baix Camp,34734.0,Tarragona,Catalunya
Svetlana,49100,Barcelona,3ax5cuCKLmHd6NEt0ZWGW6,Barcelonès,1664182.0,Barcelona,Catalunya
Guillem Gisbert,46500,Barcelona,0LqWxjJpozUhGWiacey9CL,Barcelonès,1664182.0,Barcelona,Catalunya
Guillem Ramisa,45900,Roda de Ter,2u6RzkkEtegMEBAy6MYcsW,Osona,6490.0,Barcelona,Catalunya
Strombers,43300,Cardona,53QBC13AaAEh9AgmUFx5CH,Bages,4639.0,Barcelona,Catalunya
FADES,42200,Palma,2GbjEKkwENPIzGzGU4haSO,Mallorca,407648.0,Illes Balears,Illes Balears
Manu Guix,42100,Barcelona,6lyzFu3LfGxmXYO2jyxix3,Barcelonès,1664182.0,Barcelona,Catalunya
El Petit de Cal Eril,40200,Massoteres,5nlJ049WJIE7reR0SgUVyF,Segarra,212.0,Lleida,Catalunya
Maria Hein,40200,Felanitx,3XROpF1yIcXOcMjDkswghI,Migjorn,18388.0,Illes Balears,Illes Balears
Triquell,40200,Sant Quirze del Vallès,68CQGYnlJfrMyRcd255jVW,Vallès Occidental,20195.0,Barcelona,Catalunya
Marala,38400,Barcelona,4LSJTZxetK3RlF5VO2AUqY,Barcelonès,1664182.0,Barcelona,Catalunya
El Pony Pisador,38200,Barcelona,2Y4XnV7Msopr4ZHPKXBsH5,Barcelonès,1664182.0,Barcelona,Catalunya
Socunbohemio,37400,Barcelona,3Zyph9kkkEfTKaMQrLotUV,Barcelonès,1664182.0,Barcelona,Catalunya
P.A.W.N. Gang,35800,Barcelona,46HCmOnDrKgcbvTFFgnkkC,Barcelonès,1664182.0,Barcelona,Catalunya
Xanguito,35600,Bunyola,6IBu1sEZuZb5fSADgjncHJ,Serra de Tramuntana,6276.0,Illes Balears,Illes Balears
El Diluvi,34300,Castalla,21OW9V8Wv1j0zqVTqz5V94,Alcoià,10124.0,Alacant,Comunitat Valenciana
Sara Roy,33300,Manresa,71OOfmrGnQoJqrUIq133qs,Bages,78245.0,Barcelona,Catalunya
Sandra Monfort,33200,Pedreguer,61e36FRgKb0nR158oVJvij,Marina Alta,7699.0,Alacant,Comunitat Valenciana
Homes Llúdriga,32200,Barcelona,2V8IXjDqu1NsPCNRMlYWNr,Barcelonès,1664182.0,Barcelona,Catalunya
Ouineta,32000,la Roca del Vallès,3a1trTgNtHPigdFxMGg1e3,Vallès Oriental,10754.0,Barcelona,Catalunya
Roger Padrós,30700,Polinyà,5mSnwh5KuQs5rIcjQg2aje,Vallès Occidental,8504.0,Barcelona,Catalunya
Boom Boom Fighters,30300,Girona,2bNKVXUVgZPjFR9VNYJNj6,Gironès,103369.0,Girona,Catalunya
Ferran Palau,30100,Collbató,7h0Xj4rDQMndEq2JsZZVzM,Baix Llobregat,4544.0,Barcelona,Catalunya
Habla de Mí en Presente,29900,Berlín,6Ve7C0L8bH6NfejnYfKOJn,,3878100.0,,
Quimi Portet,29600,Vic,03FGY5MFUz7JNP6yYbiceB,Osona,47630.0,Barcelona,Catalunya
Tomeu Penya,29500,Vilafranca de Bonany,6KLolR6RNEUVUvKOOsxrXm,Pla de Mallorca,2971.0,Illes Balears,Illes Balears
Miquel Abras,28800,la Bisbal d'Empordà,4b8pGMcm329VfIv0uG3Piv,Baix Empordà,11159.0,Girona,Catalunya
Esther,28600,Vinaròs,5WTbB8itm33YPgupEhcMUS,Baix Maestrat,28682.0,Castelló,Comunitat Valenciana
Ambauka,28600,Molins de Rei,4N8xNpFMzKYOHVd9E1eNE8,Baix Llobregat,25940.0,Barcelona,Catalunya
La Guardiola Groga,28000,Terrassa,4KhPNR1YMiuKcjk5VgK0f6,Vallès Occidental,223627.0,Barcelona,Catalunya
Cactus,27300,-,6lZHxuO4S36ijw1trp5Z71,Comtat,,Alacant,Comunitat Valenciana
Maig,27300,Barcelona,4oeSQBgx78jrlG6bGZrdgD,Barcelonès,1664182.0,Barcelona,Catalunya
Maio,26100,Barcelona,47cUV27yaXyttFU8K5HEvP,Barcelonès,1664182.0,Barcelona,Catalunya
Ebri Knight,26000,Argentona,2GBUTum66FDsK1M6zd3u7G,Maresme,12536.0,Barcelona,Catalunya
Calagher,25900,Mataró,3ffpiODsUFT0nYlOborFVI,Maresme,129661.0,Barcelona,Catalunya
Pèl de Gall,25600,-,55fgmyROp14p0jbdzVEK8g,Menorca,,Illes Balears,Illes Balears
La Iaia,25500,Vic,2RoEO8VblRUUzcDp0zd1jn,Osona,47630.0,Barcelona,Catalunya
Pelat i Pelut,25400,Folgueroles,0Fqs1pyFYl8J2SMqmRJlV2,Osona,2265.0,Barcelona,Catalunya
Malifeta,25200,-,7zmlWioAkvlpV4krlZkmQc,,,València,Comunitat Valenciana
Lluc,24300,Santa Maria de Palautordera,7DyiuN7G1T9S6l5BCvVNXI,Vallès Oriental,18424.0,Barcelona,Catalunya
Renaldo & Clara,24300,Lleida,29eGrPvxOuFDGOyOUi3RLq,Segrià,140403.0,Lleida,Catalunya
Xicu,23900,Castellbisbal,7kvpnHcyn0RxXpUgEk8ov6,Vallès Occidental,12540.0,Barcelona,Catalunya
Ja t'ho diré,23400,Ciutadella de Menorca,5d2POCYAVv4ardPLgc6kH0,Menorca,29580.0,Illes Balears,Illes Balears
Roger Mas,23400,Solsona,3KajPNH0UsaJhWiAf68JYY,Solsonès,9137.0,Lleida,Catalunya
Edu Esteve,23100,Badalona,2Nl5f6i0dHSjz9UvaDfSQD,Barcelonès,223166.0,Barcelona,Catalunya
Joan Miquel Oliver,23100,Sóller,6zXhOyC07G4spYTHFLm7oo,Serra de Tramuntana,14150.0,Illes Balears,Illes Balears
La Troba Kung-Fú,22800,la Garriga,78LSyERttuORro7Rz8ar3L,Vallès Oriental,16668.0,Barcelona,Catalunya
Will.X.O,22800,Barcelona,0NNMqY9gUwR31gMAG27X6w,Barcelonès,1664182.0,Barcelona,Catalunya
Sangtraït,22700,la Jonquera,0T4rfoOZaBOSDm6DyGVGzF,Alt Empordà,3320.0,Girona,Catalunya
Xiula,22000,Barcelona,75Jrb42ngkh2fqfQi0O6um,Barcelonès,1664182.0,Barcelona,Catalunya
Lo Puto Cat,21900,-,0Vnj54RNnbtxB4BFEDELju,,,,Catalunya
Mar Pujol,21300,Prats de Lluçanès,1Lwzj7r2h7OYhhM4bDcFQe,Lluçanès,2604.0,Barcelona,Catalunya
Cookah P,21200,Girona,23d92HZZYDNJRlshjZIAt3,Gironès,103369.0,Girona,Catalunya
Pupil·les,21100,València,3x9exBPPsch8NHTpOTJu83,València,794288.0,València,Comunitat Valenciana
Crim,20900,Tarragona,2p7rRgVQsbzdA8zkpb83Q2,Tarragonès,136496.0,Tarragona,Catalunya
Alosa,20700,Blanes,3wGkgRi4YbaoT5a2iNj5fB,Selva,39914.0,Girona,Catalunya
Baya Baye MGT Los Sosis,20500,Montgat,1B7narxB55v6EoUuA9kSBk,Maresme,12200.0,Barcelona,Catalunya
Andreu Rifé,20400,Barcelona,4TxqqltARJw6R4wIFCgRXg,Barcelonès,1664182.0,Barcelona,Catalunya
Gato Pérez,19800,Buenos Aires,0xTE8Ru20PBrfPDxrwYAD9,,3120612.0,,
enMatu,19800,Terrassa,1uXmpBAndznIassr1HjWbA,Vallès Occidental,223627.0,Barcelona,Catalunya
Dagoll Dagom,19700,Barcelona,36OL5KYUY6Ccs6tszNTqHZ,Barcelonès,1664182.0,Barcelona,Catalunya
Senyor Oca,19400,Barcelona,5zl0XS3Yjo4eBViGndCB61,Barcelonès,1664182.0,Barcelona,Catalunya
Scorpio,19300,Barcelona,66sVsxa3MGkILbbcv5cJ4W,Barcelonès,1664182.0,Barcelona,Catalunya
Raimon,19300,Xàtiva,53gngrNkCMQim2Fg4qbHZm,Costera,29231.0,València,Comunitat Valenciana
Animal,19100,Sant Quirze del Vallès,4R5uqcGNfcfkFpUKxSPCfK,Vallès Occidental,20195.0,Barcelona,Catalunya
Lali BeGood,18800,Barcelona,45HbN8ylTlLEtkS6SucwwX,Barcelonès,1664182.0,Barcelona,Catalunya
Iglú,18700,Barcelona,4Wfi7bsHCX2jfKgYvwl4gO,Barcelonès,1664182.0,Barcelona,Catalunya
Atupa,17900,Montcada,01o583ZRPv5Q8UTvpMT1QK,Horta Nord,21935.0,València,Comunitat Valenciana
Marcel Lázara i Júlia Arrey,17700,Manlleu,36Di8MUKOV0zDs1hTzyb9d,Osona,20912.0,Barcelona,Catalunya
Núria López,17700,Santa Pau,5c2QITgp1iC7pY7Q396R2x,Garrotxa,1614.0,Girona,Catalunya
Dr. Calypso,17300,Barcelona,6NzQGCr2sqQJ7AepiQpVGW,Barcelonès,1664182.0,Barcelona,Catalunya
Dj Plan B,17200,València,0fCfaBpB9swXSqhNRU38rR,València,794288.0,València,Comunitat Valenciana
Jordi Tonietti,17100,Barcelona,1TKnsJe47nMx5NEMYZoy64,Barcelonès,1664182.0,Barcelona,Catalunya
Pep Gimeno 'Botifarra',17000,Xàtiva,67nzmyyXxcTT4ZU8lBxcvp,Costera,29231.0,València,Comunitat Valenciana
The Penguins,16900,Sant Feliu de Llobregat,3jtvYbfq9GfapNH5MhNjDm,Baix Llobregat,45467.0,Barcelona,Catalunya
Sisa,16900,Barcelona,6rgsgH0TXknBetbEa6mtdf,Barcelonès,1664182.0,Barcelona,Catalunya
OR (O-ERRA),16800,Manacor,3rqMgw2cpWZaZP4kHtY8NO,Llevant,40831.0,Illes Balears,Illes Balears
Ernest Prana,16500,Sabadell,7elQrux5S6rY1UwForG9t5,Vallès Occidental,216520.0,Barcelona,Catalunya
Porto Bello,16500,Altafulla,2hZTwRCdE5JFf7ohaIs6W2,Tarragonès,5307.0,Tarragona,Catalunya
David Ros,16100,Barcelona,1DGsfQSrh6DuyEYFCGpUeS,Barcelonès,1664182.0,Barcelona,Catalunya
Koers,16000,Lleida,6EEs0hbsFGYZ3VdNOErO9n,Segrià,140403.0,Lleida,Catalunya
Lil Guiu,15500,Barcelona,1GPrbtpaDXV9wxRuRHUNmv,Barcelonès,1664182.0,Barcelona,Catalunya
Pepet i Marieta,15500,Ulldecona,7KKKewRz8PCindxuBfnLPp,Montsià,6525.0,Tarragona,Catalunya
Xeic!,15400,Rasquera,3V8Ri9UHBCg1YeAwfqW6yz,Ribera d'Ebre,783.0,Tarragona,Catalunya
Pau Alabajos,15300,Torrent,2fx0EsmjDotI8Vq4daoB2g,Horta Sud,82208.0,València,Comunitat Valenciana
Remei de Ca la Fresca,15100,Arbúcies,4EumXNdcUtH8akCtwEYUwu,Selva,6608.0,Girona,Catalunya
Sense Sal,15100,Terrassa,0jQrR51vUkXd4ISpJnEFTr,Vallès Occidental,223627.0,Barcelona,Catalunya
Pep de la Tona,14500,Pego,2rMgRVKwlDL618ZirhIeat,Marina Alta,10128.0,Alacant,Comunitat Valenciana
Toti Soler,14100,Vilassar de Dalt,5Gymmxz9DpDUlI8cyEhqra,Maresme,9072.0,Barcelona,Catalunya
Dan Peralbo,14100,Torelló,3FYUDIpmulHS4rb5xpP9iN,Osona,14400.0,Barcelona,Catalunya
Jo Jet i Maria Ribot,14000,Manresa,2VLAEUc8hJ7R6EPktTBFhx,Bages,78245.0,Barcelona,Catalunya
Joan Rafart,14000,Solsona,38dfWliIkUqaBCIDd7WSxK,Solsonès,9137.0,Lleida,Catalunya
Andana,13800,Mataró,3Z21NTe0lIVuG6DnFOX0Ni,Maresme,129661.0,Barcelona,Catalunya
Vernat,13700,Sabadell,5lxFyGjIisTPiz6W2MiOm9,Vallès Occidental,216520.0,Barcelona,Catalunya
Macedònia,13700,Castellar del Vallès,4hIcN54cqZk0JXdTQiGF4T,Vallès Occidental,24488.0,Barcelona,Catalunya
Yung Rajola,13500,Lleida,5ZY6lI5dEppItx901v0wYa,Segrià,140403.0,Lleida,Catalunya
miquel,13500,Igualada,3VUidb50jCH78EzrGpAVyj,Anoia,40742.0,Barcelona,Catalunya
Brams,13300,Berga,0QYoTBFk6RrLqna6PfszFy,Berguedà,16760.0,Barcelona,Catalunya
Joan Bibiloni,13200,Manacor,4jBaiMLmjCqpci9wENQ7fR,Llevant,40831.0,Illes Balears,Illes Balears
jovedry,13000,Barcelona,7aM2zF8ZvXMD8DzZY98W10,Barcelonès,1664182.0,Barcelona,Catalunya
Pirat's Sound Sistema,12800,Barcelona,3bSjpDHDskBXS2z5WuaXaq,Barcelonès,1664182.0,Barcelona,Catalunya
Lal’Ba,12700,Olesa de Montserrat,1wlYowWXP2lahrXGn5opzG,Baix Llobregat,24144.0,Barcelona,Catalunya
Mainasons,12600,la Garriga,2ZQffgTQE5JS8vjCl0PiJ1,Vallès Oriental,16668.0,Barcelona,Catalunya
Vuit,12600,Cunit,60uQL4Gg6Lbh6Jl6pD7xzB,Baix Penedès,13533.0,Tarragona,Catalunya
Gerard Quintana,12600,Girona,07MOFkELf3tpgB9pqLQurj,Gironès,103369.0,Girona,Catalunya
Anegats,12500,Son Servera,4VhEs0xRqmIysn0tdTyLR1,Llevant,12165.0,Illes Balears,Illes Balears
La Principal de la Bisbal,12100,la Bisbal d'Empordà,2oColxnsqUheAKCmlj7n9J,Baix Empordà,11159.0,Girona,Catalunya
Adrià Puntí,12100,Salt,4gQzCU2uamGf9aX5DMOnuV,Gironès,32138.0,Girona,Catalunya
Ovidi Montllor,11900,Alcoi,3GBaJmaRSCLv9DZXo5tgRL,Alcoià,58994.0,Alacant,Comunitat Valenciana
Sanjosex,11500,la Bisbal d'Empordà,3xvSV6NiocgZuGdVK3n0lE,Baix Empordà,11159.0,Girona,Catalunya
Els Atrapasomnis,11300,la Cellera de Ter,182RYYfNdCeUEXmEE8BzeL,Selva,1950.0,Girona,Catalunya
Good Jan,11100,Barcelona,5OnhZfL9VuuicSPxkFxwJk,Barcelonès,1664182.0,Barcelona,Catalunya
Port Bo,11000,Palafrugell,5sghLheanUsG26zk991W2Y,Baix Empordà,23244.0,Girona,Catalunya
Pau Riba,10800,Palma,2zSk5pjoQqWROuvp5RUrVL,Mallorca,407648.0,Illes Balears,Illes Balears
Josep Thió,10800,Girona,1ynknzrpslHlkD4cd2icCq,Gironès,103369.0,Girona,Catalunya
Donallop,10800,Palma,1o6dNbEjCCIEKWyecMNfWe,Mallorca,407648.0,Illes Balears,Illes Balears
Whiskyn's,10700,Reus,3ebwHQYvONnv8xIrW2wYDA,Baix Camp,106168.0,Tarragona,Catalunya
Esquirols,10600,l'Esquirol,0zH2Nk2nvnHCrD6kJLnDYm,Osona,2186.0,Barcelona,Catalunya
Inadaptats,10600,Vilafranca del Penedès,4mqXPNpuimTATkJ3WNHGik,Alt Penedès,40154.0,Barcelona,Catalunya
Magalí Datzira,10500,Barcelona,4Wwktb7LI1OtXAWRO6Hln4,Barcelonès,1664182.0,Barcelona,Catalunya
Cesc,10400,l'Armentera,6JgIKVieCcwKpdx4LwnbR0,Alt Empordà,951.0,Girona,Catalunya
David Rosell,10200,Manresa,7cdbNBNnPPiUEdo57yKd2e,Bages,78245.0,Barcelona,Catalunya
Joan Rovira,10100,Camarles,5kWu63fBFmBS8KVbL6lUWm,Baix Ebre,3194.0,Tarragona,Catalunya
Eloi Sayrach,10100,Barcelona,0Ddz5exoprFRNpCym6FLXe,Barcelonès,1664182.0,Barcelona,Catalunya
Àlex Pérez,10000,Vidreres,4LwXFmiHbqgBiAWFjp3ljH,Selva,7951.0,Girona,Catalunya
Cris Juanico,9900,Ciutadella de Menorca,1hnG3sbjWvITvOpTt9wmNO,Menorca,29580.0,Illes Balears,Illes Balears
roserona,9900,Cardedeu,50Gz3aUc4gTUXQYskqIWza,Vallès Oriental,18424.0,Barcelona,Catalunya
Margarett,9800,Barcelona,2la5ZJvk9pLFyfHNUdQC1O,Barcelonès,1664182.0,Barcelona,Catalunya
Siderland,9800,Barcelona,0J4ED5b2q2T3B6OhOvNFru,Barcelonès,1664182.0,Barcelona,Catalunya
gavina.mp3,9600,Barcelona,1HQjBUjN7QCO8rIldwSXeZ,Barcelonès,1664182.0,Barcelona,Catalunya
Balma,9600,Barcelona,120KlGliWpuFD6rw7oiLAH,Barcelonès,1664182.0,Barcelona,Catalunya
Lluís Sánchez,9600,Artesa de Lleida,7tlFmw0qkSCfDkcbfXc66v,Segrià,1535.0,Lleida,Catalunya
CyBee,9500,Sant Feliu de Llobregat,6XaaHZYcV08dN3b1GXsb0o,Baix Llobregat,45467.0,Barcelona,Catalunya
País de Xauxa,9400,l'Escala,1HwSB9hnfL3Fwm2pbDGNq6,Alt Empordà,10244.0,Girona,Catalunya
Pep Puigdemont,9400,Olot,0yRbGYdxmPwoA9sHhyg8Q9,Garrotxa,35926.0,Girona,Catalunya
Vienna,9400,Alacant,2qT0hAMqLp6dvHFlcR5HWK,Alacantí,334887.0,Alacant,Comunitat Valenciana
Still ill,9300,Barcelona,3RCztsjXccqtUFDj5Qxi3n,Barcelonès,1664182.0,Barcelona,Catalunya
Da Souza,9200,Palma,3rD7bBI9zkYhu62o79tWe6,Mallorca,407648.0,Illes Balears,Illes Balears
Cloe,9200,Barcelona,0bZpmYTPXVvnSiZ7SLiMPa,Barcelonès,1664182.0,Barcelona,Catalunya
Mazoni,9100,la Bisbal d'Empordà,5jxwrEuiCDAujXZXIvCShs,Baix Empordà,11159.0,Girona,Catalunya
La Maria,9100,Oliva,2trmdI9kJ4hY5c1GZANnaQ,Safor,25101.0,València,Comunitat Valenciana
Els Pescadors de L'Escala,9000,l'Escala,145BqjM1GvEdRHtYJ3NnX6,Alt Empordà,10244.0,Girona,Catalunya
Xarim Aresté,8900,Flix,6UbthgKAxqoJgbSan82idB,Ribera d'Ebre,3410.0,Tarragona,Catalunya
Maluks,8900,València,0vz1Tn02DpGRpM3GsiPBqi,València,794288.0,València,Comunitat Valenciana
Sr. Chen,8800,Rubí,6GqSICEGHY2MW8mgwYzz5Q,Vallès Occidental,78591.0,Barcelona,Catalunya
Groggy Rude,8800,Tarragona,4qOAKa6tiDSzvMiGGrPzjC,Tarragonès,136496.0,Tarragona,Catalunya
Colomet,8800,València,0Iex9HZLBlEmTgzmd9cvnn,València,794288.0,València,Comunitat Valenciana
Joan Garriga i el Mariatxi galàctic,8700,la Garriga,0EQqEBz10VJZ8QHaJweeNE,Vallès Oriental,16668.0,Barcelona,Catalunya
Les Montses,8300,Sant Vicenç dels Horts,4xYHaYPM5ed9gUHsXFXjYY,Baix Llobregat,28268.0,Barcelona,Catalunya
Àlex Blat,8300,València,4cTMg9gbEOYVvEtKtspGYg,València,794288.0,València,Comunitat Valenciana
Marc Parrot,8300,Tiana,2ueY5TbhGwb2WBGiHMR6pp,Maresme,8945.0,Barcelona,Catalunya
Mariona Escoda,8200,Valls,3FhvXs9qsXIxDrpDps6fWR,Alt Camp,24477.0,Tarragona,Catalunya
Vittara,8100,Barcelona,0RHElWsaFy1T4FiqxxekFk,Barcelonès,1664182.0,Barcelona,Catalunya
Quinto,8000,Pego,6mklD5ITuLhHHJZDttOhgh,Marina Alta,10128.0,Alacant,Comunitat Valenciana
Teuma Thug,7800,Barcelona,6YNAXZ2z0lrtPOMSkO3KRY,Barcelonès,1664182.0,Barcelona,Catalunya
Ariox,7700,Cardedeu,40qrXwBvQ93tL5ondgFXzE,Vallès Oriental,18424.0,Barcelona,Catalunya
Rudymentari,7600,Ciutadella de Menorca,1TrrU7UZ93JDlbSCGD5mhh,Menorca,29580.0,Illes Balears,Illes Balears
Reïna,7600,Manacor,6KVNkE8MHfH6Wv8b4qEq8n,Llevant,40831.0,Illes Balears,Illes Balears
Joan Colomo,7600,Sant Celoni,5PgFxKraqTJUjncc2f3gFB,Vallès Oriental,18136.0,Barcelona,Catalunya
TESA,7300,Almussafes,38eya5J0wXElARHyRQ6xz0,Ribera Baixa,8967.0,València,Comunitat Valenciana
Obeses,7300,Tona,3BkB8VHV7IeyjFTzlX6ohi,Osona,8356.0,Barcelona,Catalunya
Glaucs,7200,Begur,1RQRp6AZqcumsPeHciLBr5,Baix Empordà,3891.0,Girona,Catalunya
Iris Deco,7100,Navarcles,1VP0sPzmkM1KIKV1r32clf,Bages,6057.0,Barcelona,Catalunya
bert bert,7100,Sabadell,6DxleFQGGR0UPogCnAYQm7,Vallès Occidental,216520.0,Barcelona,Catalunya
Paula Valls,6900,Manlleu,571Zc1cK0PYmAEzdB2k1GN,Osona,20912.0,Barcelona,Catalunya
The Demencials,6800,Vic,2L4OuuKQTtaFxQzqQOMxsC,Osona,47630.0,Barcelona,Catalunya
Yung Mare,6700,Barcelona,5zsNBwkuZ56oMjsVQqyByD,Barcelonès,1664182.0,Barcelona,Catalunya
NIUSS,6600,Algemesí,2NvEpqoU9axJtMG4Qk92XG,Ribera Alta,27331.0,València,Comunitat Valenciana
Damià Olivella,6500,Manresa,2y2hCIeanWosuWiWbIRr4d,Bages,78245.0,Barcelona,Catalunya
Mireia Vives,6500,Llíria,1Dn2EjFxbwoJdnCSLw8JSJ,Camp de Túria,23253.0,València,Comunitat Valenciana
Muyayo Rif,6400,Cornellà de Llobregat,0k3TYsn0wPivYDhHX7HE4C,Baix Llobregat,89936.0,Barcelona,Catalunya
Gemma BaÃ±os,6400,-,5lgxp789uy128P3kUUOBqz,,,,
Compte,6300,Torrelavit,6DwgnmW2GkmlwLsjVDYRpP,Alt Penedès,1422.0,Barcelona,Catalunya
Orchestra Fireluche,6100,la Cellera de Ter,1eirXxHGEOsSL4o1ao1b03,Selva,1950.0,Girona,Catalunya
Al Tall,6100,València,7f6UyaGmBD2Vuq1ygnxYa3,València,794288.0,València,Comunitat Valenciana
David Busquets,6000,Girona,2EYjMJ1kqrfsxeNFQlBK3H,Gironès,103369.0,Girona,Catalunya
La Coixinera,5800,Mataró,2m5tZBEzEePSyyMmG6NLVg,Maresme,129661.0,Barcelona,Catalunya
Pep Sala,5800,Vic,12Fg2zGfrdsb2aGZhlFQVy,Osona,47630.0,Barcelona,Catalunya
Neptú,5800,Lleida,3GnPD01Y9TIEgdpMempBBA,Segrià,140403.0,Lleida,Catalunya
Ossifar,5700,Palma,79U9dVwcVq4fS5AsLTMyfa,Mallorca,407648.0,Illes Balears,Illes Balears
Quico Tretze,5600,Igualada,4Otr92EF2M2h78jnAxmEZu,Anoia,40742.0,Barcelona,Catalunya
Júlia Blum,5600,Barcelona,4B6t52mhiUhrnMWR19T9ei,Barcelonès,1664182.0,Barcelona,Catalunya
Guillem Bautista,5600,Badalona,4aMz9dbnuj9prr7EkFnf2r,Barcelonès,223166.0,Barcelona,Catalunya
Sergi Carbonell,5600,Ribes de Freser,3U1WtKior7Vyok72E1T0wO,Ripollès,1760.0,Girona,Catalunya
Projecte Mut,5600,Eivissa,1DtVZ2mcu69GqeAZtdMBlh,Eivissa,49768.0,Illes Balears,Illes Balears
CoCo,5500,Barcelona,3JICTczF91kSDOWTssDEtz,Barcelonès,1664182.0,Barcelona,Catalunya
Joan Masdéu,5400,Reus,1qg4y9TyV4WrCtHFAGgMhm,Baix Camp,106168.0,Tarragona,Catalunya
Ayryn,5400,Santa Coloma de Gramenet,4L8rfGZmFQZyuTNM8j72mJ,Barcelonès,120443.0,Barcelona,Catalunya
ultralone,5400,-,57EoNqpI63PUZvuqhfdAUp,,,,Catalunya
SDP509,5300,Manresa,4t109nphj1ICN4kukH0pSd,Bages,78245.0,Barcelona,Catalunya
Jonatan Penalba,5300,l'Alcúdia,4zzG67sucjcErB0RI5FxFG,Ribera Alta,12009.0,València,Comunitat Valenciana
Galgo Lento,5300,Terrassa,5RWKEHpyfUhxTIGMeOcenQ,Vallès Occidental,223627.0,Barcelona,Catalunya
Acció,5200,Torroella de Montgrí,2k4CzUBX2epNNB8kYhRxLC,Baix Empordà,11836.0,Girona,Catalunya
Achilifunk Sound System,5200,Barcelona,4yizsieShlGiLVWStpSt5t,Barcelonès,1664182.0,Barcelona,Catalunya
Acros,5200,Barcelona,0xHO61mVt5YXG52usJTYmb,Barcelonès,1664182.0,Barcelona,Catalunya
Zadi Plug,5100,Barcelona,2tprd9IgVCPGpjiqNG6KWT,Barcelonès,1664182.0,Barcelona,Catalunya
Ara va de bo,5100,Barcelona,55o2RM7237Ix7XXcbpXnzd,Barcelonès,1664182.0,Barcelona,Catalunya
Slad Mobb,5100,Barcelona,2YFW9Z60cXbavpNZvvJnxe,Barcelonès,1664182.0,Barcelona,Catalunya
Com sona?,5000,Barcelona,0TO83lOrKzSLvgyOsYCMD2,Barcelonès,1664182.0,Barcelona,Catalunya
Llum,5000,Mataró,4tqn572Iok6jACDGb1APLk,Maresme,129661.0,Barcelona,Catalunya
Roger Berruezo,4900,Barcelona,5OLqCwryz51tah1Igrnwgu,Barcelonès,1664182.0,Barcelona,Catalunya
Sergi Albert,4900,Barcelona,2BVoQciUZKf7mEqWCChERE,Barcelonès,1664182.0,Barcelona,Catalunya
Anna Roig i l'Ombre de Ton Chien,4900,Sant Sadurní d'Anoia,4UJe0PktQVNe36XTKCRUyP,Alt Penedès,12841.0,Barcelona,Catalunya
Jofre Bardagí,4800,Barcelona,6Ruvv3UraUke347B3R1lrj,Barcelonès,1664182.0,Barcelona,Catalunya
Laura Gibert,4800,Lloret de Mar,0Nk5AGBagS9qB7G8D2ywzx,Selva,39089.0,Girona,Catalunya
Julen G,4800,Barcelona,00h3dzDtOjWaXlkvgrnmWO,Barcelonès,1664182.0,Barcelona,Catalunya
República Ska,4700,Lleida,35QWdwr5mi5FaUdP4FI7U8,Segrià,140403.0,Lleida,Catalunya
Malson Atmosfèric,4700,Sant Julià de Ramis,121rcBq3RwZEtfSAy8JYeV,Gironès,3576.0,Girona,Catalunya
Les anxovetes,4700,Girona,23ePB80oZpuErNwOUnUD0E,Gironès,103369.0,Girona,Catalunya
Dijous Paella,4700,-,25xvJV8X5oKNYjRljiXygY,,,Barcelona,Catalunya
Gerard Aledo,4600,Sant Quirze del Vallès,2G3PV2M6Mpb2FjRVNio1tf,Vallès Occidental,20195.0,Barcelona,Catalunya
Seikos,4500,Sant Feliu de Llobregat,4M6VkzBYyltZ2t8AbXKLBg,Baix Llobregat,45467.0,Barcelona,Catalunya
The Crab Apples,4500,Santa Eulàlia de Ronçana,6u98K0jUUoIvIG5mPXRIWZ,Vallès Oriental,7426.0,Barcelona,Catalunya
Hora de Joglar,4500,Argelaguer,1sQ37MtYVVfUuiLcSFpbV4,Garrotxa,396.0,Girona,Catalunya
Faixa,4500,Alcoi,4GUWQDiabQN2NV96h1G3rV,Alcoià,58994.0,Alacant,Comunitat Valenciana
La Pataqueta,4500,-,2tNeP79ThAAvgba06aZevy,,,,Catalunya
Fetus,4400,la Bisbal d'Empordà,3fn7Jm4nOCVz7d4HVYiChe,Baix Empordà,11159.0,Girona,Catalunya
Yung Rovelló,4400,Calella,6qIbcbaEx3RiRvUK6cTYX9,Maresme,19277.0,Barcelona,Catalunya
Sa pena,4400,Pedreguer,77X9fjwGe7mlNAZwmS5YhX,Marina Alta,7699.0,Alacant,Comunitat Valenciana
Guineu,4400,Barcelona,71LogL8lYEei6YssB4RyVD,Barcelonès,1664182.0,Barcelona,Catalunya
Umpah-Pah,4400,Salt,4z8Fq4r52ALTdWfqLQYGhE,Gironès,32138.0,Girona,Catalunya
Dani Miquel,4400,l'Alcúdia,3RvCCC63losASebpl75PvC,Ribera Alta,12009.0,València,Comunitat Valenciana
Biel Martí,4300,Barcelona,1y7zRDvyYJ8WKpYSmAac58,Barcelonès,1664182.0,Barcelona,Catalunya
Los Barrankillos,4300,Santa Coloma de Gramenet,4tzvod2FeqFDigiG8x7UuQ,Barcelonès,120443.0,Barcelona,Catalunya
Suc i Sopes,4300,Ciutadella de Menorca,32zQT5DBk6qfuHnDiftnyB,Menorca,29580.0,Illes Balears,Illes Balears
Feliu Ventura,4300,Xàtiva,5Mvf1DjQ6BQ5CKra8wDDqG,Costera,29231.0,València,Comunitat Valenciana
Germà Negre,4300,Banyoles,2s1zTYYloQG8guSeqneAzL,Pla de l'Estany,20053.0,Girona,Catalunya
Lil Russia,4300,Barcelona,3H5LQXA7Yp4LpTUnQBDE0W,Barcelonès,1664182.0,Barcelona,Catalunya
Joan Martorell,4300,Porreres,5mzrFWk1XAPtOvrAv8XwQi,Pla de Mallorca,5486.0,Illes Balears,Illes Balears
Skatalà,4300,Barcelona,4yU8WdZjoXlTpyxgxWyCKS,Barcelonès,1664182.0,Barcelona,Catalunya
Tardor,4200,València,79zvwxLcJBLcUHaJ25n3yx,València,794288.0,València,Comunitat Valenciana
Patriarcas de la Rumba,4100,Barcelona,7lOr5o8LGNHi4nw2Q5bhxH,Barcelonès,1664182.0,Barcelona,Catalunya
Quimo,4100,Girona,6Nz585IvHzPqWiBuPWazW9,Gironès,103369.0,Girona,Catalunya
Henrio,4000,Barcelona,0oSXRm87lhplIslH3BzQwB,Barcelonès,1664182.0,Barcelona,Catalunya
Joan Liaño,4000,Granollers,4Vob8jQvjUtKgyxqtJFzdH,Vallès Oriental,62419.0,Barcelona,Catalunya
La Terrasseta de Preixens,4000,Tàrrega,3p8xj077gS3z2eC5jXsAUH,Urgell,17445.0,Lleida,Catalunya
Alvert,3900,Mataró,6Ul0MRqazFuI5BenaWKogV,Maresme,129661.0,Barcelona,Catalunya
Celobert,3900,Barcelona,1ffEm5v0mUKyE79ep6KEpS,Barcelonès,1664182.0,Barcelona,Catalunya
Plan-ET,3900,Manacor,3vBWB1sJCqdRExa32msXFs,Llevant,40831.0,Illes Balears,Illes Balears
PracciBtz,3800,-,5hROoy3gJhyOuUr9Aj5e5k,,,,Catalunya
Vinnie Kairos,3700,Girona,3enVyMO0pmP8TIqtBFfmtz,Gironès,103369.0,Girona,Catalunya
N'Gai N'Gai,3600,Sant Pol de Mar,0VTsAewekEk1CtS08fI9QH,Maresme,5428.0,Barcelona,Catalunya
Gigi Ros,3600,Barcelona,2AIBX47y2SapwNsCvk6MdV,Barcelonès,1664182.0,Barcelona,Catalunya
Km.0,3500,-,1D3ENMKKWGrRR00V9fTIrV,,,,Catalunya
AlQuadrat,3500,Sant Quirze del Vallès,1hs6EVB1tPjA2mjtZmznVn,Vallès Occidental,20195.0,Barcelona,Catalunya
Toni Giménez,3500,Barcelona,4VDwIwADquvHHW5adp0qyU,Barcelonès,1664182.0,Barcelona,Catalunya
Ramon Muntaner,3400,Cornellà de Llobregat,2e1GB6YtJXZ3mBlKTpheIF,Baix Llobregat,89936.0,Barcelona,Catalunya
Marialluïsa,3400,Igualada,57vnEmo3jRkWAigCYgNRaD,Anoia,40742.0,Barcelona,Catalunya
Ramonets,3300,València,2R9B8QrpmQ9UveGEpWuTco,València,794288.0,València,Comunitat Valenciana
Nyandú,3300,Oristà,68NZljLQtbhWD6ER7Cdt5w,Lluçanès,549.0,Barcelona,Catalunya
Espaldamaceta,3300,Tarragona,3jUluqPA6Np859cgFUPhUF,Tarragonès,136496.0,Tarragona,Catalunya
Tiu,3200,Palma,1RSI1kRaKq7IPaXsbLdFGo,Mallorca,407648.0,Illes Balears,Illes Balears
Ses Bubotes,3200,Palma,3OZaq38ovtB5xRATWtJCFi,Mallorca,407648.0,Illes Balears,Illes Balears
Nuri Total,3200,Barcelona,24occ5fjjGZG5Br2IeqAVR,Barcelonès,1664182.0,Barcelona,Catalunya
Guillamino,3100,Barcelona,2AtZlwgzXeb4Ym2cqURQsR,Barcelonès,1664182.0,Barcelona,Catalunya
The Binigaus Band,3100,-,6qg48YXJi1kchFPklC2KvZ,Menorca,,Illes Balears,Illes Balears
OKDW,3100,Cubelles,3gJX7610Ji5aE5wJhkhuTO,Garraf,15770.0,Barcelona,Catalunya
Carles Belda,3100,Sabadell,75jyMiAxcPzJKnKpT5MgHY,Vallès Occidental,216520.0,Barcelona,Catalunya
Arc de Triomf,3100,Vilassar de Mar,0xddZStW6D83R6lgImCOkA,Maresme,21035.0,Barcelona,Catalunya
Roko Banana,3000,Banyoles,1NLmdiLmGXAmUFALmYqLWO,Pla de l'Estany,20053.0,Girona,Catalunya
At Versaris,3000,Sabadell,6HPAGt94jKHGMQmT8IYNPN,Vallès Occidental,216520.0,Barcelona,Catalunya
Quart primera,3000,Barcelona,2Y6wI5KgNwPZkMux4iVXCj,Barcelonès,1664182.0,Barcelona,Catalunya
Som Mainada,3000,Sant Jaume dels Domenys,4WAxfFu2xpUnoTnwmV6q7T,Baix Penedès,2624.0,Tarragona,Catalunya
"Quico el Célio, el Noi i el Mut de Ferreries",3000,Tortosa,5LOckPuG4JKRzJfJoYZT2w,Baix Ebre,33439.0,Tarragona,Catalunya
Anna Ferrer,3000,Maó,3It8AsQKxFW3Fx0FrrpF1z,Menorca,28972.0,Illes Balears,Illes Balears
Miquel Gil,3000,Catarroja,3wgWeRgIV5sU41Yqz6V7qn,Horta Sud,28120.0,València,Comunitat Valenciana
The Anti-Patiks,2900,Terrassa,2BnRECIfsXYvWmBavdX2rU,Vallès Occidental,223627.0,Barcelona,Catalunya
Uri,2900,Vic,5MVLPTiFlifkC16OkTMCw6,Osona,47630.0,Barcelona,Catalunya
Autèntic Home Llúdriga,2900,Barcelona,07ApGh3oTuz014LDbWPANc,Barcelonès,1664182.0,Barcelona,Catalunya
Batec,2800,Rubí,7I0tmVaoFLZYN5MxBnvi3H,Vallès Occidental,78591.0,Barcelona,Catalunya
Bons nois,2800,Sant Feliu de Llobregat,0vj3n5NDvKSAEwZNM8Bsoo,Baix Llobregat,45467.0,Barcelona,Catalunya
La Simfònica de Corda i Cobla de Catalunya,2800,la Bisbal d'Empordà,3Ib6fgPPnCN4x2ou232WKy,Baix Empordà,11159.0,Girona,Catalunya
Pastorets Rock,2800,Lleida,1Jp1nIjDVFmKkz0ECuoPbJ,Segrià,140403.0,Lleida,Catalunya
Delta Delta,2800,Barcelona,6aVjuiFg6aDrHNg7ZdE6j5,Barcelonès,1664182.0,Barcelona,Catalunya
Alícia Rey,2800,Terrassa,45CNnnXTK5IoEMBLtxZ0oi,Vallès Occidental,223627.0,Barcelona,Catalunya
Caïm Riba,2800,Barcelona,0Z19B0beqIljrSvaiQE1Pj,Barcelonès,1664182.0,Barcelona,Catalunya
Kuu,2700,Mataró,77cBad8DNTobzNpER2rQfX,Maresme,129661.0,Barcelona,Catalunya
La Tour de Carol,2700,Barcelona,6KuJlu9RqfpcyzCsAdCnBX,Barcelonès,1664182.0,Barcelona,Catalunya
Arrels de Gràcia,2700,Barcelona,7KbbIXxEMGGbK0bvCWUnIa,Barcelonès,1664182.0,Barcelona,Catalunya
Mesclat,2700,Blanes,4z4JX5B2AcNIA5OKX6RYeD,Selva,39914.0,Girona,Catalunya
Mosaic,2700,Barcelona,7f3XYf1qLTocK1jfPpzuUv,Barcelonès,1664182.0,Barcelona,Catalunya
Fescat goes punk,2700,Reus,6dkzuNvAOOrtMyJQN1l0CN,Baix Camp,106168.0,Tarragona,Catalunya
Roger Torné,2600,Terrassa,6DgXQ9wVnLd32WS9NiYAzC,Vallès Occidental,223627.0,Barcelona,Catalunya
Slim Samurai,2600,Eivissa,4Y9HKNCC79fsVTutvIDNgv,Eivissa,49768.0,Illes Balears,Illes Balears
Petit Taller de Cançons,2600,el Vendrell,71jrlF6TcVSCl8sK1ahcMP,Baix Penedès,38373.0,Tarragona,Catalunya
Chill C,2600,Sabadell,4VXMVdG6lOJtDt94C142aM,Vallès Occidental,216520.0,Barcelona,Catalunya
Andreu Valor,2500,Cocentaina,4QLpUTkxZy7o3SQOYYbdeg,Comtat,11511.0,Alacant,Comunitat Valenciana
Gemma Humet,2500,Terrassa,0Q2jviHTKVBLXWAnru25Km,Vallès Occidental,223627.0,Barcelona,Catalunya
Martigo,2400,Mataró,3HDuiwI8hjGt0iPK77EmD7,Maresme,129661.0,Barcelona,Catalunya
Cucorba,2400,Muro,0YTlI47ekw3MnTibnaZPhS,Pla de Mallorca,6993.0,Illes Balears,Illes Balears
Pilseners,2400,Barcelona,5Q6RTmfU1ZLbAlyiUJCmbh,Barcelonès,1664182.0,Barcelona,Catalunya
Adrien Broadway,2400,Barcelona,2cUG4j4K3Im4D79kIefDl5,Barcelonès,1664182.0,Barcelona,Catalunya
Miquel Serra,2400,Manacor,0xUNARNv5PfWqCuu8TJGug,Llevant,40831.0,Illes Balears,Illes Balears
Ramon Calduch,2400,Montcada i Reixac,5XWDAbFGjwEQ2bcCq0nh3w,Vallès Occidental,36803.0,Barcelona,Catalunya
Segonamà,2300,Riudoms,2MfmnDDoxSFWHGsMth1WAp,Baix Camp,6569.0,Tarragona,Catalunya
Minibús Intergalàctic,2300,Girona,0bb1xWIXzK22TxjHYHpowl,Gironès,103369.0,Girona,Catalunya
Batiste,2300,Barcelona,5HLC2Taade9BgByKQoc8bf,Barcelonès,1664182.0,Barcelona,Catalunya
Estúpida Erikah,2300,Barcelona,6B8yfpoefZ8KCgnrp97aQ4,Barcelonès,1664182.0,Barcelona,Catalunya
Maria Jacobs,2300,Valls,05gvuVmvAnjNPvl5xM8Gp8,Alt Camp,24477.0,Tarragona,Catalunya
CLASSE B,2300,Torroella de Montgrí,4vhM44FsZ44IKyT6Ab4QsU,Baix Empordà,11836.0,Girona,Catalunya
Vergüenza Ajena,2300,Tarragona,7hZm5RI0nqetzyOZ9bMEC0,Tarragonès,136496.0,Tarragona,Catalunya
Filippo Landini,2300,Canet de Mar,5LUVLHkOxrDaW67ukNZnAT,Maresme,14865.0,Barcelona,Catalunya
The Gruixut's,2300,la Bisbal d'Empordà,0AxcV6vRVnv8j9nLRqmtM6,Baix Empordà,11159.0,Girona,Catalunya
Ocumé,2200,Barcelona,4XMjU4ncaOFDwc7qtJ7RVU,Barcelonès,1664182.0,Barcelona,Catalunya
Canimas,2200,Sant Feliu de Pallerols,14Nbnytt8OlJDZPyIktzY6,Garrotxa,1437.0,Girona,Catalunya
Borja Penalba,2200,València,4GajMHxr4fe1wYlCMavgpe,València,794288.0,València,Comunitat Valenciana
Ses Bísties de Mongofre,2200,Maó,0XmR8R2xpIWBLFZXz4jRng,Menorca,28972.0,Illes Balears,Illes Balears
Xènia Páez,2200,Golmés,4450YRLvxhrsBjrx2xAUnv,Pla d'Urgell,1855.0,Lleida,Catalunya
Ferran Savall,2200,Cerdanyola del Vallès,5MV5GG8JohhFulDZy2Wf2I,Vallès Occidental,57855.0,Barcelona,Catalunya
Anaïs Vila,2200,Santpedor,40R5qsfTTLVDanMkhYDZ1t,Bages,7604.0,Barcelona,Catalunya
Ailux,2200,Barcelona,7odrp8xGpLJfnC7PwmjWFF,Barcelonès,1664182.0,Barcelona,Catalunya
Enemic interior,2100,Barcelona,1dZhZobekgJWD7yPVRrGFG,Barcelonès,1664182.0,Barcelona,Catalunya
Gracià Pedro,2100,Barcelona,28ms2rE5Uz5Fr28V5FA7WP,Barcelonès,1664182.0,Barcelona,Catalunya
97 onzas,2100,-,0XyVpPgy567dadk35AVCwG,Osona,,Barcelona,Catalunya
Salva Racero,2100,Manresa,5XdF7XHrly6GKShxmqQ6Lq,Bages,78245.0,Barcelona,Catalunya
Mar Grimalt,2100,Felanitx,0mEd7bgVwGNr8ozpiZLUPH,Migjorn ,18388.0,Illes Balears,Illes Balears
Tremendu,2100,-,1ydQGaR5Et6SPuAEaHPAsF,Osona,,Barcelona,Catalunya
Josep Xortó + The Congosound,2000,Barcelona,1pRPhN3DsSugpSb7Fwp91z,Barcelonès,1664182.0,Barcelona,Catalunya
Els Jóvens,2000,Sant Vicent del Raspeig,7Aop1VVQPR8WTm07073xoy,Alacantí,58385.0,Alacant,Comunitat Valenciana
Oller i Guerra,2000,València,0UNIEj4p9Gij0UJfUVDv1V,València,794288.0,València,Comunitat Valenciana
Poor Tràmit,2000,Premià de Mar,5kt50jR3ZZKxnf6kU7r0Mv,Maresme,28531.0,Barcelona,Catalunya
Rumbacalí,1900,Barcelona,2MhA88YjQWplGksjvwPkfP,Barcelonès,1664182.0,Barcelona,Catalunya
La República Rumbera,1900,Granollers,1ckHhIh3TvvYVGSabLrIDL,Vallès Oriental,62419.0,Barcelona,Catalunya
Bipolar,1900,Barcelona,5f5INetQct62L92kit5pFP,Barcelonès,1664182.0,Barcelona,Catalunya
Gèls,1900,Barcelona,0t3gsSSYwcMQWwXNVcwjJn,Barcelonès,1664182.0,Barcelona,Catalunya
Ivette Nadal,1900,Granollers,7wtt5XbGDjAHjRpebVeJEo,Vallès Oriental,62419.0,Barcelona,Catalunya
La Porta dels Somnis,1900,Sant Cugat del Vallès,0p9RmyMVmZHkNO51PLqk5N,Vallès Occidental,92977.0,Barcelona,Catalunya
Azul,1900,Barcelona,5q4rW6X30YjYsD2GG0EguW,Barcelonès,1664182.0,Barcelona,Catalunya
Lòxias,1800,Castellar del Vallès,2pbtPVHpKfZnsBcoSuTMxV,Vallès Occidental,24488.0,Barcelona,Catalunya
Massaviu,1800,Cardedeu,0du3FPmKtQ8vfsmGYVzdFY,Vallès Oriental,18424.0,Barcelona,Catalunya
The Goliards Collective,1800,Barcelona,5dIsGGsTe3YjNW7iJ5pNqz,Barcelonès,1664182.0,Barcelona,Catalunya
Falsterbo Marí,1800,Barcelona,1LZkPu60Xctl5j7CQj9NWC,Barcelonès,1664182.0,Barcelona,Catalunya
El Son de la Chama,1800,Tarragona,7p9KwaJtGnMdfZzDyiZmvQ,Tarragonès,136496.0,Tarragona,Catalunya
Victoria Maldi,1700,Alacant,5MrGggQXno5FJEfpeSrGZq,Alacantí,334887.0,Alacant,Comunitat Valenciana
Mark Boske,1700,Tremp,0F2yot6y8JDotpwgj3wfrf,Pallars Jussà,5911.0,Lleida,Catalunya
La Salseta del Poble Sec,1700,Barcelona,2GJQcq7Qk2ogKA5BrMcB2b,Barcelonès,1664182.0,Barcelona,Catalunya
Filibusters,1700,Vilafranca del Penedès,6gXv7sFvNYv5d4zi8L4Ozq,Alt Penedès,40154.0,Barcelona,Catalunya
Desperta Ferro,1700,Sabadell,6rHJHj24ugvHDVF7Y1vyjK,Vallès Occidental,216520.0,Barcelona,Catalunya
Lluís Cabot,1700,Marratxí,3g2kssHpkuGHrCvwfpMJ8f,Raiguer,34583.0,Illes Balears,Illes Balears
Sebastià Saurina,1700,Ciutadella de Menorca,34pomq76ReUvV4XTlGwxR9,Menorca,29580.0,Illes Balears,Illes Balears
Clàudia Xiva,1700,Amposta,6Zb5np8h2fFxKCgF1LuEmd,Montsià,21115.0,Tarragona,Catalunya
Toni Xuclà,1600,Barcelona,2cxyyMLlTOkSB3KPebEhU1,Barcelonès,1664182.0,Barcelona,Catalunya
Bars,1600,Sabadell,5xS5pl0rriQf5ktTd8a3Ms,Vallès Occidental,216520.0,Barcelona,Catalunya
Els Surfing Sirles,1600,Sant Celoni,4MxcskqHNDnUvWuEGC0Nhg,Vallès Oriental,18136.0,Barcelona,Catalunya
Kabul Babà,1600,Girona,2acf64lej9AwgoudB2gVzS,Gironès,103369.0,Girona,Catalunya
Pol Orobitg,1600,Cerdanyola del Vallès,6yCabcCmSFBs4YnI1itaqH,Vallès Occidental,57855.0,Barcelona,Catalunya
Atzembla,1600,Alfara del Patriarca,2EIKkmmhu9sQAJ8FJfWXxZ,Horta Nord,3310.0,València,Comunitat Valenciana
Chung-man Kim,1600,Premià de Mar,1XNKSJWrTew91OLYBR0Xg4,Maresme,28531.0,Barcelona,Catalunya
b1n0,1600,Barcelona,18UQ4ex95zIah1bPDQctL9,Barcelonès,1664182.0,Barcelona,Catalunya
David Canal,1500,Olost,32fPhqTn4U2C0gJMGSVWMI,Lluçanès,1202.0,Barcelona,Catalunya
Looa,1500,Premià de Mar,5T37cmXj9kMfkc6dPxJdbW,Maresme,28531.0,Barcelona,Catalunya
Paula Grande,1500,Girona,6NRB0LxYAAYKtbSOTB7m8M,Gironès,103369.0,Girona,Catalunya
Lídia Pujol,1500,Barcelona,4MY1UGNC2mlbKVgGao8sMm,Barcelonès,1664182.0,Barcelona,Catalunya
Selva Nua,1500,Lleida,5WZaYOPfY5HCLsZTfkIep7,Segrià,140403.0,Lleida,Catalunya
Uri Santafé,1500,Moià,1kgq9Zhocbqsp50A0rYcBA,Moianès,6383.0,Barcelona,Catalunya
Mr. Freak Ska,1500,Mataró,0wwX6lGL0Nwexmp2ht3zmB,Maresme,129661.0,Barcelona,Catalunya
Els Cundits,1500,Barcelona,4tTx5TOasNnPP0E4jGMQF5,Barcelonès,1664182.0,Barcelona,Catalunya
Anna Roig Dolz,1500,Barcelona,38mrMulfsHDdaWdTduTIyt,Barcelonès,1664182.0,Barcelona,Catalunya
Gos Mullat,1500,Lleida,0ix2xaQhbHnrebaZdupWhm,Segrià,140403.0,Lleida,Catalunya
Fortuu,1500,Fornells de la Selva,0BYXkrcIz6X5xa0qW8frHf,Gironès,2670.0,Girona,Catalunya
Cabot,1500,Marratxí,3Js0AOpoi93e1L4pKbFwpE,Raiguer,34583.0,Illes Balears,Illes Balears
Intana,1400,Barcelona,1MJy23jZGgB8MH8h2lLz0u,Barcelonès,1664182.0,Barcelona,Catalunya
La Tresca i la Verdesca,1400,Badalona,7CYYRiw6DICgChjxkiVb0i,Barcelonès,223166.0,Barcelona,Catalunya
Cobla Berga Jove,1400,Berga,5SuQIJI8SoouXcExVywem0,Berguedà,16760.0,Barcelona,Catalunya
Salvatge Cor,1400,Palma,7hDw0AROOXmgMncAfcfgJi,Mallorca,407648.0,Illes Balears,Illes Balears
Júlia Colom,1400,Valldemossa,2FGexWthFJnvymvErkOPaI,Serra de Tramuntana,2027.0,Illes Balears,Illes Balears
La Taverna,1400,Sant Feliu de Guíxols,70Uzhy40Fd3uSkL0smlyUc,Baix Empordà,22097.0,Girona,Catalunya
gusset,1400,Mataró,0oto11jiTMGV3E9sNwRSLY,Maresme,129661.0,Barcelona,Catalunya
Jaume Sureda,1400,Palma,0hB0a2v4w1oaTP2QvjJC9J,Mallorca,407648.0,Illes Balears,Illes Balears
Ninus,1400,Cardedeu,7p8moQihVnOhzU4jVHMuT4,Vallès Oriental,18424.0,Barcelona,Catalunya
Bajoqueta Rock,1300,Riba-roja de Túria,1eV6Rb47ggpO9satCNmgiu,Camp de Túria,22264.0,València,Comunitat Valenciana
oxigen,1300,Girona,2xObwzj7mcvVJOXmTlUMDx,Gironès,103369.0,Girona,Catalunya
Mtines,1300,Barcelona,76lAr4DMu57YZufBZpdEP4,Barcelonès,1664182.0,Barcelona,Catalunya
Èxta6,1300,Viladecavalls,499Yl6lIzjneJc551Zt3XD,Vallès Occidental,7545.0,Barcelona,Catalunya
David Cabot,1300,Palma,68udHxi3w2YD4CcPT2qv0s,Mallorca,407648.0,Illes Balears,Illes Balears
Rikus,1300,Cassà de la Selva,6vOSgVjwmRyMNGFv29CWrs,Gironès,10410.0,Girona,Catalunya
Kitsch,1300,Banyoles,5CjX7udmKaDWerV0fmTGcm,Pla de l'Estany,20053.0,Girona,Catalunya
Panellet,1300,Terrassa,15YJDk8XbQZqg6r5jvKCBd,Vallès Occidental,223627.0,Barcelona,Catalunya
vàlius,1300,Barcelona,6m0bytTgFAbnXtbVbG0foo,Barcelonès,1664182.0,Barcelona,Catalunya
Anímic,1300,Collbató,1W0p95KwWJEqwYujfD4I3R,Baix Llobregat,4544.0,Barcelona,Catalunya
Làd Cúig,1300,Arenys de Munt,28h7Ozi0acdUzz5M1vXUmT,Maresme,9121.0,Barcelona,Catalunya
La Màlaga,1300,Barcelona,5evWUP7FMe0wmP3muvzlv3,Barcelonès,1664182.0,Barcelona,Catalunya
Rumbamazigha,1300,Barcelona,6WCNii7WI9xxDQGvlUTP3d,Barcelonès,1664182.0,Barcelona,Catalunya
Reconquesta,1300,Sant Sadurní d'Anoia,7CGlK2jVozbpgjmNjd6xAi,Alt Penedès,12841.0,Barcelona,Catalunya
poggioli,1300,Cardedeu,2ilpUqiDjCtD4lAgpITEwA,Vallès Oriental,18424.0,Barcelona,Catalunya
Pitxorines,1200,Manacor,5DcceBfNmi0vem5434rmyy,Llevant,40831.0,Illes Balears,Illes Balears
La Cosina,1200,Reus,2X2BpGXqfZ2lRz9b4ZNw8T,Baix Camp,106168.0,Tarragona,Catalunya
Quiròfan,1200,Barcelona,1DAVkonxQP6dz9SvEiXic5,Barcelonès,1664182.0,Barcelona,Catalunya
Filipin Yess,1200,Barcelona,7hr1ydc5Cy7XA7jeMeyZti,Barcelonès,1664182.0,Barcelona,Catalunya
FRANC,1200,Sant Cugat del Vallès,7z1FToewdT8qsCnx6p0mvv,Vallès Occidental,92977.0,Barcelona,Catalunya
Ju,1200,Gurb,4Zq2mY3q6a3crXmjmR1Svc,Osona,2713.0,Barcelona,Catalunya
Van de kul,1200,la Cellera de Ter,5bo3oEULxoW0OPUQeDN2G1,Selva,1950.0,Girona,Catalunya
Monrra Straps,1200,Barcelona,13FzwBhhVR3ixmoggvmVBm,Barcelonès,1664182.0,Barcelona,Catalunya
Guiem Soldevila,1200,Ciutadella de Menorca,4EqapKKb6Zk8F8Cafr3uEv,Menorca,29580.0,Illes Balears,Illes Balears
Tramma,1200,Girona,6zC3OLq7DRieg3Y9bRp8vO,Gironès,103369.0,Girona,Catalunya
Família Fracàs,1200,Terrassa,2DYjsvLsl7lylk3y0XskTp,Vallès Occidental,223627.0,Barcelona,Catalunya
Anna d'Ivori,1200,Tarragona,6petlZdButa9qCCglVNgFS,Tarragonès,136496.0,Tarragona,Catalunya
Milenrama,1100,Sarrià de Ter,0XbLXFHqeQdZ4o8gYRH9b1,Gironès,5229.0,Girona,Catalunya
Sva-ters,1100,Alcàsser,5I3Chv3ynUi3B27e0G6qab,Horta Sud,10039.0,València,Comunitat Valenciana
Shala Beatz,1100,-,0psruqDBzvx9TWERVtZX8E,,,,Catalunya
Rock per Xics,1100,Girona,24m3gx8wCudeXrCf2GCqDY,Gironès,103369.0,Girona,Catalunya
Menaix a Truà,1100,-,2mMDS4lmc2DKs1JdjKPd89,,,,
Xisk,1100,Marratxí,3UjMyaNPvFjt1DiMZoRpzH,Mallorca,40079.0,Illes Balears,Illes Balears
Maria Coma,1100,Barcelona,1vPUAVPjqYj5mAcQqitrj9,Barcelonès,1664182.0,Barcelona,Catalunya
La Masia BCN,1100,Barcelona,1ujtcXttrPAihXMlCQLEYO,Barcelonès,1664182.0,Barcelona,Catalunya
Paunezz,1100,Igualada,26QVmMPsVxnUD7ezjufjoI,Anoia,40742.0,Barcelona,Catalunya
Sherpah,1100,Manresa,5bfbLviRzz3Zdi1xKAezuW,Bages,78245.0,Barcelona,Catalunya
Es Revetlers,1100,Santanyí,0hWH7RE3ixTIMt0NUQpvAS,Mallorca,12887.0,Illes Balears,Illes Balears
Sandra Bautista,1100,Martorelles,2jenRVqNHK4NWoAjz19q5w,Vallès Oriental,4820.0,Barcelona,Catalunya
Senior i el Cor Brutal,1100,València,4OK4JDuo3ztbXvCZGAlfJZ,València,794288.0,València,Comunitat Valenciana
Gemm Sol,1100,Solsona,5cXoHDuI3aKCCuzXKKJwyv,Solsonès,9137.0,Lleida,Catalunya
La Corda Fluixa,1000,Puigcerdà,35Fnbkj9TPL8Ba1y1GdemP,Cerdanya,9486.0,Girona,Catalunya
Bikimel,1000,Sabadell,6lJ0HbiwsJ1yvibFhhm4nl,Vallès Occidental,216520.0,Barcelona,Catalunya
Dos Sipiots,1000,Ciutadella de Menorca,7F4Hm9Emz3R9og1siulrk0,Menorca,29580.0,Illes Balears,Illes Balears
Angeladorrrm,1000,Barcelona,1cORevGNvcNMDVcongo9Hp,Barcelonès,1664182.0,Barcelona,Catalunya
Zulabard,998,Barcelona,0aaHiNXPsNk32tyIYQ2DYt,Barcelonès,1664182.0,Barcelona,Catalunya
Miquel del Roig,996,l'Ametlla de Mar,7n5HdZ8jxFbSVXHJuhoP8D,Baix Ebre,6866.0,Tarragona,Catalunya
Joan- Pau,993,Sant Cugat del Vallès,1vhPisBnq4ky9C1O5gHjCM,Vallès Occidental,92977.0,Barcelona,Catalunya
Gemma P,967,Roses,58nSQDmYt53H26l2SOnUAy,Alt Empordà,19807.0,Girona,Catalunya
Asra3,966,Barcelona,0vQRVXVpnvYeeKzCzjvGwe,Barcelonès,1664182.0,Barcelona,Catalunya
Agudinine,913,Molins de Rei,6teh3DWFlXWahfhX4zw08Z,Baix Llobregat,25940.0,Barcelona,Catalunya
Èric Vinaixa,912,Miravet,0mE1vmZ0qdIZOA1A5EMpxj,Ribera d'Ebre,706.0,Tarragona,Catalunya
Landry el Rumbero,902,Barcelona,50aCv8eQWGZBLgbAchdq6V,Barcelonès,1664182.0,Barcelona,Catalunya
Vidres a la Sang,868,Terrassa,4HYoaDFfg2c6I5pLS64Q6L,Vallès Occidental,223627.0,Barcelona,Catalunya
Geri,867,les Planes d'Hostoles,5uv1M0w170L44ARoI3JNrN,Garrotxa,1712.0,Girona,Catalunya
Fora des Sembrat,859,Palma,2x0jjhozNdKz4ug7dVarGc,Mallorca,407648.0,Illes Balears,Illes Balears
Aina Reig,855,Girona,2Ij9EybzTRRk2u4IZ5kwdM,Gironès,103369.0,Girona,Catalunya
Estanislau Verdet,841,Barcelona,0mA9r2QDXnN9AP6PRXPvvs,Barcelonès,1664182.0,Barcelona,Catalunya
Arribar i ploure,823,-,4AeVkMA96Fh3Ii2p59Ki2y,,,,Catalunya
Bigwé,807,Barcelona,6XwmV0YVjr4AeEBP7aiwiQ,Barcelonès,1664182.0,Barcelona,Catalunya
El Senyor Peix,790,Malgrat de Mar,7vSO106dGb0NC2K8IdBOFZ,Maresme,18772.0,Barcelona,Catalunya
Lia Sampai,780,Cerdanyola del Vallès,5SjfOkWUCSIeCgt0ZTr8K3,Vallès Occidental,57855.0,Barcelona,Catalunya
Ánimos Parrec,777,Vilafranca de Bonany,6ybuwwdE668XsN3AfQdv38,Pla de Mallorca,2971.0,Illes Balears,Illes Balears
Amadeu Casas,755,Barcelona,2O5AiJQgpG7cXIosK7pfZR,Barcelonès,1664182.0,Barcelona,Catalunya
Cheb Balowski,750,Barcelona,1VoQDa1ZCseF4oY3ONTUSX,Barcelonès,1664182.0,Barcelona,Catalunya
Els Amics de Manel,739,Sitges,6zHc1IpoU4ojslxTvp1JbT,Garraf,29553.0,Barcelona,Catalunya
Terratombats,733,la Llacuna,3a3uwww774B6juMIxu3kTU,Anoia,903.0,Barcelona,Catalunya
Les Salvatges,724,Barcelona,5Ss6Q9uXMubmeDdzDUeXeg,Barcelonès,1664182.0,Barcelona,Catalunya
Confinaps,693,Castellterçol,2IsJfJuO08fnR45ZSksZzd,Moianès,2548.0,Barcelona,Catalunya
Lírica de Trobadors,682,Barcelona,6Mz0zKCOOlpV3SjIxxblt1,Barcelonès,1664182.0,Barcelona,Catalunya
Oriol Canals,667,Barcelona,4FjfwWgXFye28KyEecB70U,Barcelonès,1664182.0,Barcelona,Catalunya
Pere Espinosa,658,Sant Celoni,6qqUkBEQTbbBk9pvLiNwTr,Vallès Oriental,18136.0,Barcelona,Catalunya
Quartet Mèlt,645,Sabadell,5GNUlZrm97WN2U3Xucskc7,Vallès Occidental,216520.0,Barcelona,Catalunya
ATALAYA 00,641,Terrassa,0g0OcMPE7ZkdThT0pf1hTU,Vallès Occidental,223627.0,Barcelona,Catalunya
Orquestra de Músiques d'Arrel de Catalunya,601,-,3Rjp6wLc028FxJ9QSjIJ3x,,,,Catalunya
Ernest Crusats,594,Vic,2uLvqEVOpkhIVXkht59QTP,Osona,47630.0,Barcelona,Catalunya
Sicus Carbonell,592,Barcelona,7twzzGIAN8297a16rzAjGn,Barcelonès,1664182.0,Barcelona,Catalunya
La Folie,557,la Palma de Cervelló,3V04RiVWK0b5fTZvRNKXQR,Baix Llobregat,2992.0,Barcelona,Catalunya
Emma,547,Jaca,2ihqk3K7hNsTbKk250FHIT,,13883.0,,
Juanjo Monserrat,542,Palma,67cT4HCzYZlGaddip7Mpge,Mallorca,407648.0,Illes Balears,Illes Balears
Mònica Green,532,Rochester,0P7w6Rcj1BBB4krxxFYeL5,,211308.0,,
Vaire,508,València,4AOHXIZ1fYqgy2EfjpzlnR,València,794288.0,València,Comunitat Valenciana
PEGI 21,507,Vic,41STjJRWnwuiUCcrVwGYKt,Osona,47630.0,Barcelona,Catalunya
Xana Blue,452,Barcelona,5tYM5HcgkJ6lVLJCxRoKG0,Barcelonès,1664182.0,Barcelona,Catalunya
Aiguadvalencia,448,Mollet del Vallès,42lxIqyGclxJwY1YULvj6j,Vallès Oriental,51600.0,Barcelona,Catalunya
Roger Argemí,445,Igualada,6OcEObmdZEVMloq23Jr37w,Anoia,40742.0,Barcelona,Catalunya
Forja,409,Terrassa,6nPEuIHx4IrY20ybCx9kMe,Vallès Occidental,223627.0,Barcelona,Catalunya
Lapiel,401,Barcelona,18JBAO1EHFgJwbXxeKrRwt,Barcelonès,1664182.0,Barcelona,Catalunya
Núria Llausí,374,Badalona,7u4nIVVaVnWU2qOzWmLxUh,Barcelonès,223166.0,Barcelona,Catalunya
Flora,364,Barcelona,6n92XxHJeRHPuEWKVthTtO,Barcelonès,1664182.0,Barcelona,Catalunya
Santi Arisa,353,Manresa,2vGfnkJiXR5ytB22CLn1D6,Bages,78245.0,Barcelona,Catalunya
Pele MacLeod,339,Mollet del Vallès,1J2zwKOEgC3ZntN5Baumkg,Vallès Oriental,51600.0,Barcelona,Catalunya
Cap Pela,338,Palma,1SkWmTT5gIo7M7SQFsMlJ6,Mallorca,407648.0,Illes Balears,Illes Balears
Pau Roget,331,Cardedeu,4UeHkOvxioupNQ6PFa7uFb,Vallès Oriental,18424.0,Barcelona,Catalunya
III,313,Barcelona,54fAG94XbeJFUsfqu9x9jH,Barcelonès,1664182.0,Barcelona,Catalunya
Christian Penalba,294,l'Alcúdia,1k5uDoPRci4XJxmfpa8a7m,Ribera Alta,12009.0,València,Comunitat Valenciana
Albert Fibla,257,Badalona,1LA6itNi4LV5FtqE6cUJxN,Barcelonès,223166.0,Barcelona,Catalunya
Copa Lotus,255,Vilanova i la Geltrú,0Kf4iUs9xRg1tZdkOKjGt7,Garraf,67733.0,Barcelona,Catalunya
Roslyn,237,Barcelona,0IqAkRlbWoBJzq9tH1Yjnx,Barcelonès,1664182.0,Barcelona,Catalunya
Carraixet,232,Tavernes Blanques,4FLhbzgybpq3OAjbjnYkel,Horta Nord,9120.0,València,Comunitat Valenciana
Laura Capdevila,203,Gavà,2RoMod9JKh8kFHPzOGg9mn,Baix Llobregat,47057.0,Barcelona,Catalunya
Vic Moliner,165,Banyoles,575ikWoIgLK88O2FAQ6kPf,Pla de l'Estany,20053.0,Girona,Catalunya
Col·lectiu Desembre,134,Torelló,7aj8XIX6HZyUPA7Bd3vN4V,Osona,14400.0,Barcelona,Catalunya
Orfeó Català,132,Barcelona,7EYQLR4McoszwQdzsWopfs,Barcelonès,1664182.0,Barcelona,Catalunya
La cosa pública,124,Barcelona,26BShIBmfWtXqb7VpMNdje,Barcelonès,1664182.0,Barcelona,Catalunya
Narcís Perich,116,Alella,7GpL0Ga2GEICk6pEmiIQk4,Maresme,9904.0,Barcelona,Catalunya
Foss,115,Vilanova i la Geltrú,42ah56Daxm04RxdlNoMIPc,Garraf,67733.0,Barcelona,Catalunya
Cor Madrigal,107,Barcelona,1WW6PstKyPlGPQBJkNhJBN,Barcelonès,1664182.0,Barcelona,Catalunya
Marc Andurell,107,Barcelona,2sbHCdXlLZpQinFykDef6I,Barcelonès,1664182.0,Barcelona,Catalunya
Joan Blau,100,Balaguer,3GtPHQSOOKh7WyebtF5M3J,Noguera,17472.0,Lleida,Catalunya
Maus Kids,97,Barcelona,3QlYsTnpYfVRrixcBfqBJa,Barcelonès,1664182.0,Barcelona,Catalunya
Claudia del Valle,79,Barcelona,5GJ2spByl9PVhXmw3rEeg2,Barcelonès,1664182.0,Barcelona,Catalunya
L'Eriçó Punxegut,77,Tarragona,4LRYt6aOUcZOmBIDfTevos,Tarragonès,136496.0,Tarragona,Catalunya
De Paper,74,Marratxí,1bRK3FFOYIpQfwkamUYVgk,Vallès Occidental,40079.0,Barcelona,Catalunya
Rabadàb,66,Lleida,4OAOH2Cp5uRRfFli39wzwJ,Segrià,140403.0,Lleida,Catalunya
Els de la Torre,62,el Masnou,77Fg8ZCQAzN5QpuMYBCPUz,Maresme,23831.0,Barcelona,Catalunya
Cor infantil Verge de Montserrat,54,-,0poYEehVLAwwTKutgyyQgD,,,,
Fèlix Estop,36,Castelló de la Plana,4M76XHJkz3bRXVSalkcBAo,Plana Alta,171728.0,Castelló,Comunitat Valenciana
D'estranquis,35,Girona,3ECJesvw4XGnp2u4pMBVo9,Gironès,103369.0,Girona,Catalunya
Marc Xalabarder,25,Caldes de Montbui,70jZxbSWhAI0vCJfH3THLl,Vallès Oriental,17812.0,Barcelona,Catalunya
Marremango,24,Sant Sadurní d'Anoia,14nwObgjrtRr90s2lRmGWD,Alt Penedès,12841.0,Barcelona,Catalunya
Els Vailets,22,-,4yOw6tDckbjxoni4DoqIpq,,,,
Cor Vivaldi,22,Barcelona,1sOsAnAZoNPyzuSoYnb9PW,Barcelonès,1664182.0,Barcelona,Catalunya
Parxís,17,Barcelona,7i0eZz30UJP5FsJrrhWmJP,Barcelonès,1664182.0,Barcelona,Catalunya
