Nom,Popularitat,Artista,Artistes,Data,uri
SORT DE TU,62,Oques Grasses,Oques Grasses,2024-04-12,054BhpaxELmhu24ECqU8un
a la freSka,62,Figa Flawas,Figa Flawas,2025-07-03,1lvBVtU6beiq5UzUZRDHfk
La Gent Que Estimo,61,Oques Grasses,"Oques Grasses, Rita Payés",2021-05-28,2aTvlIMGoo2L9x5YzJNjj5
LA MARINA STA MORENA,61,Figa Flawas,Figa Flawas,2024-07-04,0HIbm4W6C8Ar2Cnen0tE44
Elefants,59,Oques Grasses,Oques Grasses,2021-05-28,7aMxgxCCbkmtRpNNB5OWgY
SOLUCIONS i NO PROBLEMES,59,Figa Flawas,Figa Flawas,2024-01-26,4ZwCcWOVTwvKwSuFbhiafN
QUE NO S'ACABI,59,Figa Flawas,Figa Flawas,2024-01-26,6jGRVhTB3P0306pQHpFcF8
JA DORMIRÉ,57,Figa Flawas,"La Fúmiga, Figa Flawas",2024-02-23,1TewcrGBlkDAMhehfn0eHh
TOCA,57,Oques Grasses,"Oques Grasses, Figa Flawas",2024-04-12,62E6Lo5E3E3y21oQqPwdpD
Serem Ocells,56,Oques Grasses,Oques Grasses,2019-02-08,1OhTU9Vr08VrEAa0kJ98u8
estaré millor demà,56,The Tyets,"MARLENA, The Tyets",2024-10-25,7xQAF1XU7q3TlT6ICE3c0e
Tàndem,56,The Tyets,The Tyets,2025-06-27,0dMUu2aq0c7H1Axfo41bHZ
Cap. 2: Havia de Passar,55,La Fúmiga,"La Fúmiga, The Tyets",2020-11-10,1pNNfZlSlIPTQOfoPhgdAf
MUSSEGU,55,Figa Flawas,Figa Flawas,2024-01-26,1S8Cu24XXELLe4g4Hgz2m2
CÓRRER PELS CAMPS,55,Oques Grasses,Oques Grasses,2024-04-12,7aCZM1ApvudN9LTlzgiyAu
Volcans,54,Buhos,Buhos,2018-02-16,6kp5vm0qtmsG6YTLaWcsoo
Torno a Ser Jo,54,Oques Grasses,Oques Grasses,2019-02-08,1x01aWidnuAXwmumSnuRwL
Olívia,54,The Tyets,The Tyets,2023-03-03,0gRIXIUFSqWqw5rXcmaf9o
Espurna,54,Figa Flawas,"Stay Homas, Figa Flawas",2025-01-16,0YLvq215pAthBeTs5qp5yg
Tot el que ens queda,54,Ginestà,Ginestà,2025-03-04,2QcmLFnAZme6TIzmV3NZCT
Un petonet,54,The Tyets,"The Tyets, Juan Magán",2025-04-04,778GQ3Md4lKITSgMPdHU1l
In The Night,53,Oques Grasses,Oques Grasses,2019-02-08,4dG8lkQSrRdiQe89ZXx0sT
Sta Guai,53,Oques Grasses,Oques Grasses,2019-02-08,60pwtohz88VHEpAXtTGgYq
Mediterrània,53,La Fúmiga,"La Fúmiga, El Diluvi, VADEBO",2019-11-05,6PSa8yVwOCDUteo1trGtUm
La Tabarra,53,Figa Flawas,Figa Flawas,2022-05-13,6xnXh5Xg34lb0928507vrc
Coti x Coti,53,The Tyets,The Tyets,2023-03-03,73ZTxlG3t79x4EY9EVGgPk
COVARDS,53,The Tyets,"La Fúmiga, The Tyets",2024-02-23,19herHhe8mbbOMYILYWGnw
NO ÉS MIAMI,53,Buhos,"Buhos, Els Catarres, Henry Mendez",2025-05-23,6dEsxPaNst8eZHClWD6qu4
Jo Mai Mai,52,Joan Dausà,Joan Dausà,2012-02-14,0KTSV4NdrByhWXmuTOtcgK
Pa amb Oli I Sal,52,Blaumut,Blaumut,2013-04-22,7mKkpSKp0Gba3aWSkcVvL2
MOLTA TRALLA,52,Oques Grasses,Oques Grasses,2015-04-03,3WqsYnIplEVhnsPp9oUnIf
Milionària,52,ROSALÍA,ROSALÍA,2019-07-03,2K3bjojp1sCLdMMoO5lJ2p
Tobogan,52,Zoo,ZOO,2021-03-26,4VTUvh41TeBWemxxBHGxOV
DIABLA,52,Figa Flawas,"Figa Flawas, Mushkaa",2024-01-26,5zfVQFZ6T20uTip2mti2pn
COM EL DIA I LA NIT,52,Oques Grasses,"Oques Grasses, Julieta",2024-04-12,4oITtKgZh6lPRM1JSEb4sX
LA PENÚLTIMA,52,La Fúmiga,La Fúmiga,2025-06-26,325EdbgVQeYH0teOJwR4zV
Vull Estar amb Tu,51,Els Catarres,Els Catarres,2013-03-21,2aOMXFcsyUiNc4X1hwLzzs
Petar-ho,51,Oques Grasses,Oques Grasses,2015-04-03,6uA2ws8LIx8zUMEsBwEWAA
Una Lluna a L'Aigua,51,Txarango,Txarango,2017-03-26,5ju5eWBU56D87aflOhyuR1
Bailoteo,51,The Tyets,The Tyets,2023-03-03,1KoM5GTuiZMAbdWY7hkdoi
Només viure,51,Ginestà,Ginestà,2024-10-17,1JElpM8NFE6PzsTRkca0ru
Camins,50,Sopa de Cabra,Sopa De Cabra,2001-11-15,7JaD4wn9s5zEaSyw3KtNxZ
Al mar!,50,Manel,Manel,2008-11-11,4KQPAGQNStZaWiewr83fwM
Benvolgut,50,Manel,Manel,2011-03-15,6ADbZPiWZNsaCiIvsg5iq6
Compta amb Mi,50,Txarango,Txarango,2014-03-24,5rHk6N15ELTSZ1sjxs8N7D
De Bonesh,50,Oques Grasses,Oques Grasses,2015-04-03,5ObiVsgtKaynGBIVwjzhGb
4 KISSUS,50,Figa Flawas,Figa Flawas,2015-04-03,3jxYfL3JImYgVYUwDgSueU
Escriurem,50,Miki Núñez,Miki Núñez,2019-09-12,42dX767ZcsJN2hiBZkFCbh
Ja No Fa Mal,50,La Fúmiga,"La Fúmiga, Samantha",2021-11-05,1cIiGsppYv1pkDPfcuIkDA
T'he Trobat a Faltar,50,Buhos,"Buhos, En Tol Sarmiento",2021-12-10,0Pub20AwouQspBTdtFKa55
Cançons d'amor,50,La Fúmiga,"Els Catarres, La Fúmiga",2023-01-09,0tT70siAMiuzOmjGyW6jZK
LA PLATJA,50,The Tyets,"Stay Homas, The Tyets",2023-05-05,4seVO1d3uzE3inbIHFhSKn
XALALÀ,50,Lluís Gavaldà,"Figa Flawas, Lluís Gavaldà",2024-01-26,4EIx8f8OJRnhorvdd21DYs
Sushi Poke,50,The Tyets,"The Tyets, dani6ix & IZZKID",2025-04-04,1QvLkhsBtpBFHEz9GxX2zb
LA FORTUNA,50,Els Catarres,Els Catarres,2025-04-25,0WJXY0lMNmqHHfSaUyqqtk
Sense Tu,49,Teràpia de Shock,Teràpia de Shock,2008-11-10,2WWBXo8SVGSi3Z4oB7yQDi
L'Empordà,49,Sopa de Cabra,Sopa De Cabra,2010-03-01,1vzugDTXDgZCF0QQrzB5hX
Quan Tot S'enlaira,49,Txarango,Txarango,2012-05-11,5mKFMZpS49vKYImfjZPuWt
Músic de Carrer,49,Txarango,Txarango,2014-03-24,60vXhecWLQ9wOwfYk12Gjh
En Peu de Guerra,49,Els Catarres,Els Catarres,2015-03-12,2Kslq7iBGvdn3Ry1qODREY
JUBILAR-ME,49,Oques Grasses,Oques Grasses,2015-04-03,5NnVYDzchKktmiDCGZgvtd
PINGPONG,49,Oques Grasses,Oques Grasses,2015-04-03,51dp4qTtM4DuAKcmkU8dxi
ACTITUD,49,Buhos,"Buhos, Fraktal, Mon DJ",2015-04-03,4D4DbeUfU2tsrbP83y54Qd
Barcelona S'il·lumina,49,Buhos,Buhos,2016-04-01,5ngkgIsSU1Cp0mlBQq71lj
Caminem Lluny,49,Doctor Prats,Doctor Prats,2018-05-04,2IDv55ZrwsjayTHJgh5vEC
Espremedors,49,La Fúmiga,La Fúmiga,2019-11-05,6PAspDwn6UFPJWLYBxpcDc
Estimar-te com la terra,49,Ginestà,Ginestà,2019-11-15,1Mv82uSpBRcqLheQXuEPGa
Jenifer,49,Els Catarres,"Els Catarres, Figa Flawas",2023-11-17,2WOTHXKXl7iQGyvNj2g5kV
Si ho deixéssim tot,49,The Tyets,The Tyets,2025-04-04,2TzGyJSmcxF3qHRmstH5tJ
miaumiau,49,Mushkaa,"Mushkaa, Bexnil, roots, akaluigi",2025-07-31,77Is9paTcPBXU6BsEFmVt9
Boig Per Tu,48,Sau,Sau,1990-03-20,5gtwBFz91hNzSpSSiSmTvA
Llença't,48,Lax'n'Busto,Lax'n'Busto,2000-01-01,4ggCyLHi9itGzHsUgYhnN4
Rock & Roll,48,Els Catarres,Els Catarres,2013-03-21,0UcGhPiA8E5nmOl3f6pXVc
Bicicletes,48,Blaumut,Blaumut,2013-04-22,5EiZgiIaQ55WLhF5kMTx00
El Lleó Vergonyós,48,El Pot Petit,El Pot Petit,2015-01-01,0u8KLMRPqyTbc1nnrXeGWs
Inevitable,48,Oques Grasses,Oques Grasses,2015-04-03,3C3eBAihFEehucnBUo1tfn
Xuculatina - Remix,48,Figa Flawas,"Figa Flawas, The Tyets, Julieta",2015-04-03,1wvWlHtVXRgsm9ctGieVAx
Menorca,48,The Tyets,The Tyets,2015-04-03,6ktnF4Y4TNzaDTylC92DL8
Mil Ocells,48,Txarango,"Txarango, Jarabe De Palo",2017-03-26,1ahqBdKQyHrDQcTpRvMrqy
Les Nits No Moren Mai,48,Doctor Prats,Doctor Prats,2017-09-29,6f2TbjMgw6vhII3BbmbHHj
The Bright Side,48,Stay Homas,"Stay Homas, Oques Grasses",2020-06-26,4FT39hcPLSrP02YDBqOGLe
Nens Del Barri,48,31 FAM,31 FAM,2021-04-09,5zFjjyI7zZipsNcteOtFCB
Wake Up,48,Stay Homas,"Oques Grasses, Stay Homas",2021-05-28,2jFX7KfdsikRQRzdqKGvqw
Coti x Coti - Mon DJ & DJ Capde Oficial remix,48,Dj Capde,"The Tyets, Mon DJ, DJ Capde",2023-05-12,4czUFK1w94SOlIRVF0qn1C
Cant del Barça - Himne Oficial del FC Barcelona,48,FC Barcelona,"FC Barcelona, Orquestra Simfònica Del Vallès, Orfeó Català, Cor Jove De L'Orfeó Català, Raúl Patiño, Pablo Larraz",2023-11-29,5xXjygXDO7SQirJo37KBxV
FINALS,48,La Fúmiga,La Fúmiga,2024-02-23,189C6SgHRUP3GQlp7kezlI
TOT ESTÀ PER FER,48,La Fúmiga,"La Fúmiga, Ginestà",2024-02-23,3WM0WJx35Bj0Oou7wPJNVQ
SexeSexy,48,Mushkaa,"Mushkaa, Bad Gyal, Bexnil",2024-03-27,2uuMValcORiLp44OIOIoL5
Els teus ulls,48,Alfred García,Alfred García,2025-05-30,59EdCYYJbO7M9OrvUFeQlK
Jenifer,47,Els Catarres,Els Catarres,2011-11-29,7hiceWoDGGP4RadNyGxRdm
Cara de cul,47,Oques Grasses,Oques Grasses,2015-04-03,42a9IfN7PYFNg3dnlm1vnm
Hitzeman,47,Oques Grasses,"ZETAK, Oques Grasses",2015-04-03,2BZNzPhRIBbrm62vNwgo4n
A Fora Plou,47,The Tyets,The Tyets,2015-04-03,0fYhMttPeZwWxZtIo88U8i
Que Vinguis,47,The Tyets,The Tyets,2015-04-03,7wJeo46my0VHqDdDX713Vb
De l'1 al què,47,The Tyets,The Tyets,2015-04-03,79Bm7OPyRKmgbY3Z8nU4PJ
Ventiladors,47,Zoo,ZOO,2017-03-24,0M25X6yEbmDd40kH7bxjLf
Yo Sigo Iual - Prod. Fakeguido & el Guincho,47,Bad Gyal,"Bad Gyal, Fakeguido, El Guincho",2018-02-21,25RN6owXD29BH7fu2vlz3q
ARA,47,Nil Moliner,Nil Moliner,2024-03-20,0S2e8la8KZIIxzkzKcSIqZ
espero que siguis a un lloc millor,47,31 FAM,"31 FAM, el kid",2024-12-13,1Go6GAZOZokTuyZebQV32o
El Far del Sud,46,Sopa de Cabra,Sopa De Cabra,1998-11-15,2nZ2shb6iuB1vzoV2mFMxf
Corren,46,Gossos,Gossos,2007-04-15,0vofzna9wXtyY7eHKSnmdt
"Ai, Dolors",46,Manel,Manel,2008-11-11,0Glt1F8CjYER9OksWxUTVv
Louisiana O Els Camps De Cotó,46,Els Amics de les Arts,Els Amics De Les Arts,2012-05-01,5KBBltUxBSk58WiTszBdQB
La Dansa del Vestit,46,Txarango,Txarango,2012-05-11,4bIdxMI72u1D84zJpz0hAN
Invencibles,46,Els Catarres,Els Catarres,2013-03-21,1w7oNQFyiwexkUohLCDyu9
Estiu,46,Zoo,ZOO,2014-11-10,2IFTKzkdw6XmFlJQiWvHVk
Els Pirates,46,El Pot Petit,El Pot Petit,2015-01-01,31m3aLMiZUYhxwRg1gcAHT
Èpic Solete,46,Figa Flawas,"The Tyets, Figa Flawas",2015-04-03,0WkgubhQqDmVDat3seOuQB
Fa Dies,46,The Tyets,"The Tyets, Chiara Oliver",2015-04-03,5yNlI0mOTg9qOfZ3Ryyjva
Desembre,46,The Tyets,The Tyets,2015-04-03,3Tkw9VQ0a5eV7swbiJTx80
Las manos,46,Zoo,"Ciudad Jara, La Vela Puerca, Colectivo Panamera, ZOO, TéCanela, La Raíz, Road Ramos",2015-04-03,2Gg9iqjgmLWhxX8m6KLt7h
Fins que arribi l'alba,46,Els Catarres,Els Catarres,2018-03-16,1Ff2oaQ994SROK43TwZgVv
Tu Fas,46,Doctor Prats,Doctor Prats,2018-05-04,3dfJzEtJMd7CUkpqLHSVwn
Mil Batalles,46,Buhos,Buhos,2020-11-06,6ByKiM9xvn5IFRdUGNNjRt
SECR3T,46,Julieta,"Julieta, Figa Flawas",2022-11-07,3Rch2FyIqqoyNKfFO7mB83
Serà perquè t'estimo,46,Buhos,"Buhos, Dany Bpm, Mon DJ",2023-07-21,5KOvTfUOPCmG0HO99HuXlt
Vaya Liada,46,Mushkaa,"Mushkaa, Julieta, akaluigi, Bexnil, roots, nusar3000",2024-08-15,2OL5S46cBDRfkz2O7SYFUF
Jean-Luc,45,Els Amics de les Arts,Els Amics De Les Arts,2009-09-01,5KLRR7qPSJH4XHd6DrjOgQ
Boomerang,45,Manel,Manel,2011-03-15,0XvMkmumjGH3SamZpwt8H5
Blue tack,45,Els Pets,Els Pets,2013-10-01,6qYo7Fi9sbJO8gfHe3VkDz
T'Estimo Molt,45,Lax'n'Busto,Lax'n'Busto,2014-04-22,3FY3W22KrDkkxintD2gpqk
Cançó de L'Aire,45,Oques Grasses,Oques Grasses,2015-04-03,0DEoxN2GuvQJSMNDN2XFlY
Fullar sempre,45,Oques Grasses,Oques Grasses,2015-04-03,2ud3FzT13glRPIp2p6fgd6
"Amics, Tiets i Coneguts",45,The Tyets,"The Tyets, Els Amics De Les Arts",2015-04-03,0rmUYtY05iEgbOoeWgxL0t
Sóc un Mico,45,El Pot Petit,El Pot Petit,2018-05-04,6nOsGAyyBfVqklWUU9CYRr
Tant de Bo,45,Suu,Suu,2020-01-10,4IATwgahz94G3bIYX7o4TU
Judit,45,Joan Dausà,Joan Dausà,2023-04-28,0d7NF6IXjKcidQZpOUG9MP
No m'estima +,45,Mushkaa,"Mushkaa, Julieta, roots",2023-08-11,78NzYFBsYY78qeazgKZCoc
La meva sort,45,Ginestà,Ginestà,2024-02-09,2VOwxQnBFyAYRsRKtO9zbm
GOSSEJAR,45,Al·lèrgiques al pol·len,"Oques Grasses, Al·lèrgiques al pol·len",2024-04-12,68lFXYmWH2q3rz2qluwVI5
L'escut al pit (cant oficial del 125è aniversari del Barça),45,FC Barcelona,"FC Barcelona, Georgina Blanch, Miquel Biarnés, Joana Subirats, Marina Rico, Gemma Planella, Noemi Gallardo, Iago Garcia, Xavi Benítez, Dracs 1991",2024-11-14,4Vn5VasiV1SUGZArly3EsG
Deixar-se anar la mà,45,Ginestà,"Ginestà, Laia Manzanares",2025-01-15,6TzRYx9HpEreO87ZxgsEZ4
Et prometo,45,Ivan Herzog,Ivan Herzog,2025-04-18,5l1IMQfU4XlRKq2mXPXreJ
TOSSUDA PT. 2,45,31 FAM,31 FAM,2025-04-25,5VFQ2WarGuzkdg5TLST6tW
Millor amb ell,45,La Ludwig Band,La Ludwig Band,2025-05-21,6xHpkXcQ4hvWdtl2qs4Unk
Es busca catalanet,45,Banda Neon,Banda Neon,2025-06-06,3BmExPK7muQoJ3hrpv9Yaf
Bon Dia,44,Els Pets,Els Pets,1997-01-01,3twYwf9MIPgQUgynBhrX0I
Captatio benevolentiae,44,Manel,Manel,2008-11-11,5JUXJ7nzuLjMVBhm1RRgAU
Alegria,44,Antònia Font,Antònia Font,2008-11-17,1ia819gHWbLBBYHqK76Yg8
Aniversari,44,Manel,Manel,2011-03-15,3rn7vtyiRGTexwbkYfnEn9
Ja No Ens Passa,44,Els Amics de les Arts,Els Amics De Les Arts,2014-03-01,5eSa3b9VY7VkBpB5Aldg5o
Talismà,44,Oques Grasses,Oques Grasses,2015-04-03,4EbnByg9l8NEqBqEkA3Ur1
Cul,44,Oques Grasses,Oques Grasses,2015-04-03,5Jk9ijZSVa8Z2Xr07hpuBR
Summercat,44,The Tyets,"The Tyets, Pau Romero",2015-04-03,2yH21rU17MPzRozePFNSJn
QUE TIA!,44,La Fúmiga,"La Fúmiga, NAINA",2015-04-03,0rUJLLIJTJap4vOptloi4S
Fotosíntesi,44,La Fúmiga,"La Fúmiga, ZOO",2015-04-03,4CsYWyFMl5C0uV5MNUecyF
Comèdia Dramàtica,44,La Fúmiga,La Fúmiga,2015-04-03,19BWT9p7BBqOKJFR1Sllyq
Llavors,44,La Fúmiga,"La Fúmiga, Jonatan Penalba",2015-04-03,3Q1wQqrkhwhGLFjcAbVQvn
NO SÉ BALLAR,44,La Fúmiga,"NAINA, La Fúmiga",2015-04-03,1uRFnG0HnxLcw2tZPMvZP6
Tokyo,44,Els Catarres,Els Catarres,2015-04-03,0pktk1OOeJBEbWrqKB2cEs
Somriurem,44,Txarango,Txarango,2017-03-26,3wqOUv28bzBM01kFIyDj9d
Transmets Energia,44,Buhos,Buhos,2018-02-16,0KgMBD1JpkaZyBYpKeE0L9
Les Coses Senzilles,44,Txarango,Txarango,2020-06-19,0BnwoPXM88SdUwj5WwKvxc
Llepolies,44,Zoo,"ZOO, Marala, TAKTEL",2021-03-26,0alA7Ni7sgEh5cn11YKPiQ
Bona Vida,44,Mushkaa,"Flashy Ice Cream, 31 FAM, Mushkaa",2022-07-15,60NiTRZhf2nhmgghPRbNET
El Tonteo,44,Mushkaa,"The Tyets, Mushkaa",2023-03-03,65i39CwDMx05aGt3Wnl0eI
Clar que t’he trobat a faltar,44,Julieta,"The Tyets, Julieta",2023-03-03,3GboiOxbJD3Y0uKmfjF4Ip
1 CUMBIA AMB EL GUILLEM (1vs1),44,Mushkaa,"Mushkaa, Guillem Gisbert, roots, akaluigi, Bexnil",2025-02-28,51BvyHeefQi1yPGRx181A6
Extraordinàriament normal,44,Doctor Prats,"Doctor Prats, La Fúmiga",2025-03-28,15zP4RrHdgk2cDjsgCoWD9
L'amor de la meva vida,44,Julieta,Julieta,2025-05-09,0tWGoYoA7PrlVEmeeg1x9D
Que tinguem sort,43,Lluís Llach,Lluis Llach,1974-01-01,6Ss2hzEaDrOTh9CBuWNUrp
Amagada Primavera,43,Txarango,Txarango,2012-05-11,3xWjpBGU69S1D6QMvh1L8k
Vull,43,Zoo,ZOO,2014-11-10,1N5W9POZOgCS6tph9vH631
COM ESTÀ EL PATI,43,Oques Grasses,Oques Grasses,2015-04-03,7GH39crzuxGnYBNS5YmpVm
XTRATERRESTRES (na de na),43,Figa Flawas,Figa Flawas,2015-04-03,3DQrvBYizlD8ypZcSzbpjX
Cafè pels més cafeteros,43,The Tyets,The Tyets,2015-04-03,4w04fsMYukU7TUutzBmIeD
KOALES,43,La Fúmiga,La Fúmiga,2015-04-03,4IrUj03q2ouHvqXVdLEuiX
Cançó Que Mai S'acaba,43,La Fúmiga,La Fúmiga,2015-04-03,06vX7tHvaUXenCTLVLsgZx
La Ferida,43,La Fúmiga,"La Fúmiga, ZOO",2015-04-03,0Mv5YvIemCXJJTgbgllH28
Esbarzers - Remix,43,Zoo,"ZOO, La Gossa Sorda",2015-09-23,32Kl5tnLmxPt40LqyuPuXV
La Gran Eufòria,43,Joan Dausà,Joan Dausà,2018-04-13,65IHpYMXekTHuOMUv5QeqI
Tanca els ulls,43,Txarango,Txarango,2018-10-14,28yjAtp15cBAm1bE5ewzU3
Valentina,43,31 FAM,31 FAM,2019-04-12,5bs5tYbTt8XkRKZkc2TDXd
Sereno,43,Zoo,"ZOO, SFDK",2021-03-26,749H5Zv3UejDRqMtE1UEAp
a la meva vera,43,31 FAM,31 FAM,2023-10-18,4guAvlggqDxxjn0Y8RmEgI
xinu xanu,43,Stay Homas,Stay Homas,2023-11-08,6ouV7526AeqeXrALRn6ZDb
Per què he plorat?,43,Ven'nus,"Figa Flawas, Ven'nus",2023-12-03,2JIQlpLkIIwQ9dmCwjbRh4
De tot el món,43,Ginestà,Ginestà,2024-02-09,2uJHtzFDUljl4zffwSiUu3
T'estiu,43,Alfred García,Alfred García,2025-03-07,6lgMnEEcSsptqmPEuU6vrw
4-3-3,43,Els Amics de les Arts,"Els Amics De Les Arts, The Tyets",2025-04-23,6WF0YIztuX1IPM7fPJr1pr
MAMA HO SENTO,43,31 FAM,31 FAM,2025-04-25,0D1Eevs6Qgdw6TED1aOvGx
Vitamina de l'amor,43,Scotty DK,"Mama Dousha, Scotty DK",2025-06-19,3u3w9X0EZe5kn70By9P41Q
Cant del Barça,42,Coral Sant Jordi,Coral Sant Jordi,1975-01-01,5PUhoKzexhH3AkuToQd5IV
Viure Sense Tu,42,Antònia Font,Antònia Font,2002-01-01,6t18lS4oVhqSgPTBAB1QES
Bon Dia!,42,Dàmaris Gelabert,Dàmaris Gelabert,2010-11-01,6L3aepdwH2gUnAztpVf3c0
La cançó del soldadet,42,Manel,Manel,2011-03-15,68OkUpUP90lHzv2EPRbE3p
Truca'm,42,Joan Dausà,Joan Dausà,2012-02-14,4eoqEV6V0zXTfxvp5QEPBC
Esbarzers,42,La Gossa Sorda,La Gossa Sorda,2014-07-11,7tiu52iT5YeFY7QhOCpmOs
La Gallina Tica,42,El Pot Petit,El Pot Petit,2015-01-01,2MSnqpAE3qF6JEf9krm01g
Puja al Meu Coet,42,El Pot Petit,El Pot Petit,2015-01-01,5uovOOO01w2y8MFyjT0bay
BAMBI,42,Oques Grasses,Oques Grasses,2015-04-03,5rpFMC1gxCXJpV24QzDRCi
Amiga de ningú,42,Oques Grasses,Oques Grasses,2015-04-03,7mILkJdHA3ksBGu5xvbc57
AURORA,42,Figa Flawas,Figa Flawas,2015-04-03,4PfWoAuDfdak0zy58aiGUl
Txarango al Canet Rock,42,The Tyets,"The Tyets, La Fúmiga",2015-04-03,6bZ8H2j6MdrXYicMbfaUew
Sempre dempeus,42,Buhos,Buhos,2015-04-03,3LltYIVc0cxNZLjqqNEfc4
La nit està que crema,42,Buhos,Buhos,2015-04-03,4SdNsYl6CwRHvdDBHL8quh
Tintin,42,Els Catarres,Els Catarres,2015-04-03,1bzvpvkhOTzHeFPxAepFZt
Agafant L'Horitzó,42,Txarango,"Txarango, Gemma Humet, Aspencat, Cesk Freixas, Meritxell Gené, Montse Castellà, Ivette Nadal, Sílvia Comes, Bittah",2015-04-03,7McIJl4WBaSynRKQvHtrVO
Les Teves Pigues,42,Doctor Prats,Doctor Prats,2018-05-04,26lEECCpxSARDo4aDLuJPc
La vida és molt avorrida sense el teu cos,42,Els Pets,Els Pets,2018-10-19,6RXC23Zrd4jEFjtXL1ZsZp
La Petita Rambla del Poble Sec - XL,42,Cesk Freixas,"Cesk Freixas, Txarango",2020-01-31,2b8eZFIfoV68lYrVQrOzp2
Avant,42,Zoo,ZOO,2021-03-26,1gGGFbHhRKNP79wfJF4uvS
Un piset amb tu,42,Ginestà,"Ginestà, Niña Polaca",2024-02-09,2F2wKfKXKTLihpHgP2Uevw
Cervell vs Cor,42,Pau Vallvé,Pau Vallvé,2024-10-25,5Tj4A5ptkLZmd8o4xr45y0
Hem vingut a jugar,42,Buhos,Buhos,2025-01-03,7zzxDDu1MPGdM4Uu3F9X98
Grup de Pop,42,Sexenni,"Sexenni, The Tyets",2025-02-28,2tEdvTyzP7FtXshvxl0W0z
CARINYO,42,Svetlana,Svetlana,2025-03-28,1M74PcvyhOG4BPRDlRCdTI
LA PILI,42,31 FAM,31 FAM,2025-04-25,1NADFksTRab3GJ4dspelCT
Tren De Mitjanit,41,Sau,Sau,1991-01-25,7o5pOePCS8wlnoxGPA6VHa
Camals Mullats,41,La Gossa Sorda,La Gossa Sorda,2008-04-07,67UBfh8VMGQTCRGGFCMnik
La Petita Rambla del Poble Sec,41,Cesk Freixas,Cesk Freixas,2009-12-15,46u4kbTD8MRQPWwOlEo3gT
Criticarem les noves modes de pentinats,41,Manel,Manel,2011-03-15,7nSJ0oOe2MzyhCIfm3wJW3
Calgary 88,41,Antònia Font,Antònia Font,2011-04-12,3JVnENbLG8glzbsHipzO2K
Quan caminàvem,41,Aspencat,Aspencat,2013-05-05,4DT0LPAOwvN8vKXsKHeRLn
Tornarem,41,Lax'n'Busto,Lax'n'Busto,2014-04-22,7h8n02SDd8JG6AFWr3Dut4
Corbelles,41,Zoo,ZOO,2014-11-10,0Zs3kJlxEenw7Ffq2HWLY4
El Drac,41,El Pot Petit,El Pot Petit,2015-01-01,2yY2sJ2zDlabFONyiP9y47
Bancals,41,Oques Grasses,Oques Grasses,2015-04-03,4J5GRJUbBkJgoNs0kSoMdn
Deixa,41,Oques Grasses,Oques Grasses,2015-04-03,2ajg5EOwpG8wDjgUY5dpeV
Fer-te feliç,41,Oques Grasses,Oques Grasses,2015-04-03,20r1pb7hHS90EG6LzOjnA1
Coet,41,Oques Grasses,Oques Grasses,2015-04-03,3pwHFHN2VkvMfcZ49Fa2qS
Sexy,41,Oques Grasses,Oques Grasses,2015-04-03,5x6JZDOe3azL97DogB4pOF
Camins - Remix,41,Oques Grasses,"ZOO, Oques Grasses",2015-04-03,4wtsrMrKZEsAcB7D5ffDNt
El món de veritat,41,Buhos,"Buhos, Juan Magán, Victor Magan",2015-04-03,3mM2C5Ics0ToUamFhkqo10
Que Tot Et Vagi Bé,41,Txarango,Txarango,2015-04-03,5FXdyQboJUYoxkopoHC8Kz
Tant de Bo,41,Txarango,Txarango,2015-04-03,53PuMXL51RpasF6XQ0wXXM
Ànima de Corall,41,Guillem Ramisa,"Guillem Ramisa, Oques Grasses",2016-05-31,5eQkUBDWLu9ObEgA4N5SBV
Aviam què passa - Estrella Damm 2021,41,Rigoberta Bandini,Rigoberta Bandini,2021-06-15,7b0Hoz7115EQavRSkdf9ua
Em Flipa,41,Pelat i Pelut,"Pelat i Pelut, Figa Flawas",2022-04-05,4qBVh6I4nCZu2vBfnO94zD
Mai Trobaràs 30 Anys,41,Sopa de Cabra,"Sopa De Cabra, The Tyets, Ginestà, Buhos",2022-06-10,3lJK1l2fqEBrxIfFcqZnCo
Pa amb Oli I Sal,41,Blaumut,"ZETAK, Suu, Blaumut",2023-05-18,1Smvo4IBAF65dP1vnBtCUc
El meu amor se n’ha anat de vacances,41,La Ludwig Band,La Ludwig Band,2023-10-20,4QnuZMMWB7g2l5DWA9VHIS
la teva companyia,41,Ven'nus,"31 FAM, el kid, Ven'nus",2024-12-13,0PfU59bIYdHLzB8QMrU9Jo
Això és l'estiu,41,Flashy Ice Cream,"Flashy Ice Cream, The Tyets",2025-01-17,1zA7zQMe5g0wnqs6Easx7o
ASÍ ES LA VIDA,41,31 FAM,"31 FAM, Odette Telleria",2025-04-25,3MokRMYePxEHh0yTWsZuMH
Poquet a Poquet,41,Flashy Ice Cream,Flashy Ice Cream,2025-07-18,6yoiXEkArH3S2b2fU34hIK
Bona Nit,40,Els Pets,Els Pets,1997-01-01,4G9uB4lMcQRvDgtkWBsbPd
La Meva Terra és el Mar,40,Lax'n'Busto,Lax'n'Busto,1998-01-01,2V58oh5emQj22lfn8xaP9I
Wa Yeah!,40,Antònia Font,Antònia Font,2006-01-01,0BPIknt0SyI873a6N5QDBI
En la que el Bernat se't troba,40,Manel,Manel,2008-11-11,6H86gna5KDoPurwLxb6pIV
Pla quinquennal,40,Manel,Manel,2008-11-11,5KcXtRKkl6pzEyw8GBkdHd
Gat Rumberu,40,La Pegatina,La Pegatina,2009-07-10,5Lf6RG1wOomzOZLYZuB3XK
4-3-3,40,Els Amics de les Arts,Els Amics De Les Arts,2009-09-01,24z8tMGMpwbVG4USfjBFGL
Bye Bye,40,Oques Grasses,Oques Grasses,2015-04-03,0GLT8MbuTWKOzthYbBQm2R
Més Likes,40,Oques Grasses,"Oques Grasses, ZOO, Lildami",2015-04-03,6TRQEbxlYyEmEQdIkqitY6
Plora i riu,40,Oques Grasses,Oques Grasses,2015-04-03,0kreP3Wa04atVW5jnvr9dW
Passos importants,40,Oques Grasses,Oques Grasses,2015-04-03,0MTIqN2DpuHujBcqAoC1pE
El cul del món,40,The Tyets,The Tyets,2015-04-03,2OsBaXLtgKSzL0KNRqrSLG
Cul i Merda,40,The Tyets,The Tyets,2015-04-03,6MCLjGvI7Mo2gXpagEZarZ
El Maresme,40,The Tyets,The Tyets,2015-04-03,4YGzTWu8gvInMdFqAJohEa
habibi,40,Mushkaa,"Mushkaa, Bexnil",2015-04-03,7He9WMZyNY5X2oquPshBgQ
El Mambo,40,Mushkaa,"Mushkaa, Roots",2015-04-03,5GjKmTQY3ANW1QzvMU0W1l
Sembla Mentida,40,Mushkaa,"Mushkaa, roots",2015-04-03,2VaX7eyMo7UxIQgCPVfZoc
REBOBINAR,40,La Fúmiga,La Fúmiga,2015-04-03,45r6wchHonMxHst9NwAnze
Vull estar amb tu,40,Stay Homas,"Els Catarres, Stay Homas, ZOO",2015-04-03,6jx5dDUZJoTC8Of2TcAphY
Millors moments de la vida,40,Buhos,Buhos,2015-04-03,1QVIOPnYnnIHJyEQhL4vvM
PARACAIGUDISTES,40,Els Catarres,Els Catarres,2015-04-03,6YawQO4NFAuP3mik86Wkwd
A PRENDRE PEL CUL,40,Els Catarres,Els Catarres,2015-04-03,70FqiJ2Mj8ELT9sOeVGn8o
A la Deriva,40,Txarango,Txarango,2015-04-03,7ufhRuLkC2hbXcUGEX9Djd
Crema La Nit,40,Txarango,"Alfred García, Txarango",2015-04-03,0uPnSgMNu6wOqwYQTrNHK9
TETEO I CALIU,40,31 FAM,"31 FAM, Bexnil",2015-04-03,4XkJv3pKZ85IBoopLygQvX
Balada 17,40,31 FAM,31 FAM,2015-04-03,6vJ2wQQCBNrV0URvERMSnd
Ara!,40,Doctor Prats,Doctor Prats,2016-04-05,09wWPBTgab1stsBjtqoEga
Te Vendré a Cercar,40,Xanguito,"Xanguito, Pau Debon",2017-09-08,5qJYu8e4mqAdXTl5xsHh9V
S'ha mort l'home més vell d'Espolla,40,La Ludwig Band,La Ludwig Band,2021-06-25,77DgqIkA4zS1gEix4XXEPr
No Vull Baixar,40,Stay Homas,"Stay Homas, Albert Pla",2021-07-02,4krs8tm0OBqGWpQDaIQpeL
Ho Tenim Tot,40,Joan Dausà,Joan Dausà,2021-11-05,4pjRSriRfuDVS4HwJDlVRV
LA NÒRIA,40,Stay Homas,Stay Homas,2023-05-05,0NS9weBZ7iCvdc4cdmpA66
Lo Lo Barça!,40,FC Barcelona,"FC Barcelona, Grup d'Aficionats del Barça",2024-02-12,516xTudqKphZkP4F8fHSou
Felixità,40,Svetlana,Svetlana,2024-03-22,3g4JAqwrvcdzdEckkjLIJT
10 DIES,40,Svetlana,"Svetlana, Ketekalles, Habla de Mí en Presente",2024-03-22,5m8jkRkcjlIBeApspjZXBt
Octubre del 24,40,Joan Dausà,"Joan Dausà, Paula Koops",2024-08-30,4pgYup9TbBReWEkK3qZZxb
"Aura, la Dinosaure",40,El Pot Petit,El Pot Petit,2024-10-22,5blYpxK46Ni1aGJcssrnpu
L'Estrella del Pop,40,El Pot Petit,El Pot Petit,2024-10-22,3pK9qV779bU0lvcV64U5Lr
Pura Vitamina,40,Miki Núñez,Miki Núñez,2024-11-29,4GGk0B3lt44InOr2FhKEmX
Lamine Yamal,40,Sexenni,Sexenni,2025-02-28,6WL39rlC5iLZKwa4BfCmXA
Efecte papallona,40,Doctor Prats,"Doctor Prats, Miki Núñez",2025-03-28,0yqhloQRNwxmfAq3WJ9HOz
Rumba Catalana,40,Alfred García,Alfred García,2025-05-30,3fskayJqrK1G9Cg8iZbIUQ
Aseregé,40,Svetlana,"Svetlana, Alosa",2025-06-20,04f2tTJjVwknNobTRPm4iT
Els Teus Somnis,39,Sopa de Cabra,Sopa De Cabra,2001-11-15,2Dzz2Gs68F32tsFAO4B28J
En s'estiu,39,Antònia Font,Antònia Font,2002-01-01,5dpoGuFGb01syYB4ZXcgk8
L'estaca,39,Lluís Llach,Lluis Llach,2007-01-01,6V6p3kX685TlL51aeSgzpa
John Brown,39,Oques Grasses,Oques Grasses,2015-04-03,6iLs6OX9Jopp33kwfAi7di
LA SALSA,39,Figa Flawas,Figa Flawas,2015-04-03,7Ds7B142naHX5lkpwRfYKe
LA MARINA STA MORENA - Remix,39,Figa Flawas,"Mon DJ, Figa Flawas, Sold3k",2015-04-03,4Rp5525t6d5qPVXUNjY9vJ
Pantis curts,39,The Tyets,The Tyets,2015-04-03,6rRgNnfPdVPw0xZ53Dapbr
Hamaking,39,The Tyets,The Tyets,2015-04-03,03BLjM3W0tHayrIqWih42R
RRHH (Tinc una casa),39,The Tyets,"The Tyets, Dj Hochi",2015-04-03,1CUKmGTrJxjk4a0cYAxMXh
Primera Conjugació,39,La Fúmiga,"La Fúmiga, Suu",2015-04-03,6cgqdji2lyjNohaRQogaDl
Monstres i Gegants,39,La Fúmiga,La Fúmiga,2015-04-03,7pRrSKKn2ih8BRduwhEj1a
Estels al Vent,39,Els Catarres,Els Catarres,2015-04-03,4jHh7UBfEsfE2Gbj4oydXb
"Quin dia feia, amics...",39,Manel,Manel,2015-04-03,3oVbmjT5sAwbyPDbynqA7A
El miquel i l'Olga tornen,39,Manel,Manel,2015-04-03,2IeIckLDdKO7lVlIrOuXhf
Vint-i-un Botons,39,Blaumut,Blaumut,2017-03-24,6cwhqj57zgBryYbW9Jtl97
Qui més estima,39,Mishima,Mishima,2017-05-05,1wdxBQn8jZ5aO5VWQ9Kcyd
Converses de balcons,39,Auxili,"Auxili, Oques Grasses",2018-03-16,2V9uAj8mBHj0fxP7anXAay
No vull que t'agradi aquesta cançó,39,Els Pets,Els Pets,2018-10-19,2KuzLo3h5MKhZQEjt2VbWG
Contents,39,Ambauka,"Ambauka, El Pot Petit",2019-11-29,3NS8utzEbZk5e8nz4BNVUs
Una Sola Paraula,39,Ven'nus,"Figa Flawas, Ven'nus",2022-05-13,1hVGkAQd0px8njB95RsWwI
Que pasa nen,39,Alizzz,Alizzz,2022-09-09,4L5exQWqXpzBy7Bhy2nrEk
Barras Warras,39,Calagher,"Mushkaa, Calagher, roots",2023-04-14,4qFwyhTqOvuf26fBBTaHcv
Jo Soc Supporter,39,FC Barcelona,"FC Barcelona, Grup d'Aficionats del Barça",2024-02-12,1w6qIar4QCHUJ4grQyQJnR
Thelma & Louise,39,Julieta,"Belén Aguilera, Julieta",2024-03-07,7m8aetuFspDvP5GXhVJBQx
Xarnega,39,roots,"Mushkaa, roots, Bexnil",2024-03-27,4ABmdW0G3oDlanLL5rTbjq
NENA CATALANA,39,Will.X.O,"Ceaxe, Will.X.O, VWAE",2024-06-07,5YReQQ7NBlZK7g1LfOwLAJ
COR PETIT,39,Scotty DK,"Pol Bordas, Figa Flawas, Scotty DK",2024-11-15,5RL9FSIyOUdWpnL3MuZl4X
LO LO LO,39,Al·lèrgiques al pol·len,"Al·lèrgiques al pol·len, Figa Flawas",2024-11-22,1UFc7ClN15sBiMi2H1f276
Mamipuladora,39,roots,"Mushkaa, Bexnil, roots, akaluigi",2025-02-28,3El9Ko6oxp4ahDpvsC8vaE
Les mosques,39,Ginestà,Ginestà,2025-03-04,5UC43c7RBHqupP0kLXHwqU
Carnaval,39,Els Amics de les Arts,"Els Amics De Les Arts, Figa Flawas",2025-04-23,0NZ4NEZ0aQ5nYDQRu2eP1W
Enlloc com a casa,39,Sexenni,Sexenni,2025-06-06,1JuavXLTICoDwbw6mBqfCF
Més Que la Meva Sang,38,Lax'n'Busto,Lax'n'Busto,1993-01-01,4ZKM5pGuElWso0kYdn7YXY
Jo vull ser rei,38,Els Pets,Els Pets,1994-11-11,1Ey9xIaUkP1dvZ5fNmcslD
El Far del Sud (En Directe),38,Sopa de Cabra,Sopa De Cabra,2002-11-15,0vbK3WiQeORnIDbOZtWjED
Pau,38,Els Pets,Els Pets,2004-01-01,0DiYxE4c66yPMHgEpD1qt6
Quina Calitja,38,La Gossa Sorda,La Gossa Sorda,2008-04-07,4AoTyNZ5Y8v0D9WyzxzESJ
Si Et Quedes amb Mi,38,Sopa de Cabra,Sopa De Cabra,2010-03-01,6z8oPcLH9Wyd7X5TRq8Vt2
Els Dies de la Setmana,38,Dàmaris Gelabert,Dàmaris Gelabert,2010-11-01,2bq5Q3Kv6jgV28Jgo7eAWS
L'Últim Segon,38,Aspencat,Aspencat,2011-02-19,7v0eRPCy2Q0NFQl6PKnIJw
Fil de Llum,38,Andreu Rifé,Andreu Rifé,2012-06-18,0dGhSrwTAdfdVG1pDGiLJR
CAP AMUNT,38,Oques Grasses,Oques Grasses,2015-04-03,6XxjjrWJGbi6gCwfYXvBuf
CODA,38,Oques Grasses,Oques Grasses,2015-04-03,0yFAFFV5haHZFjKmQfSM7v
Llum fluorescent,38,Oques Grasses,Oques Grasses,2015-04-03,10tccF6wqm6jyYDl4Hw4S5
Ho Fem Fàcil,38,Figa Flawas,Figa Flawas,2015-04-03,7ljOfhn0kajYXTO9aQnYOU
PETONS,38,Stay Homas,Stay Homas,2015-04-03,4rn3il95GKNJ1HCOz9ZN4K
Sweet Caroline,38,Buhos,Buhos,2015-04-03,1un7C7lOFZ1s5PzeAfw3sX
El Tren del Temps,38,Txarango,Txarango,2015-04-03,1JgjM6NzqIv7HWc4tXKB29
Agur Agur,38,Ginestà,"BULEGO, Ginestà",2015-04-03,6tlkVsRGGX39Bpqn9YVEiO
Els guapos són els raros,38,Manel,Manel,2015-04-03,2hmbvr9HAmq9KOirdMDp6j
Hui la liem,38,Auxili,Auxili,2018-03-16,0cpToG2pZPh9TK3snKAVHO
Una altra manera de viure - Estrella Damm 2019,38,Joan Dausà,"Joan Dausà, Maria Rodés, Santi Balmes",2019-05-22,7kkPyhcaiVvYyYDcjIypOJ
Bala Perdida,38,Adala,"Adala, Santa Salut",2019-06-26,2dIKvPeANNb6px3QVDIR5g
Gotta Be Patient,38,Stay Homas,"Stay Homas, Judit Neddermann",2020-06-30,7CVScZ51zJIJAxExWTgs62
Èpoques glorioses,38,Pau Vallvé,Pau Vallvé,2020-09-18,4Cls2cLCOb3cEcGo0eGCoa
Tir al Ninot,38,JazzWoman,"ZOO, JazzWoman",2021-03-26,7dVuKIJilf1yei6u8ByXmX
Barcelona Tropical,38,Suu,"Suu, Carlos Sadness",2021-05-14,2dkyT9XfhAO8qcHriAOEA5
El fill del rei,38,La Ludwig Band,La Ludwig Band,2021-06-25,4MYg85U0Lc96MJtYhnvegW
Hora Blava,38,Esther,"La Fúmiga, ESTHER",2021-11-05,6jVsytBl4Ett3dRrTUYlRE
Seguirem Ballant,38,Doctor Prats,"Doctor Prats, Stay Homas",2022-04-29,0pJeLEo1VhKasaEfNZiLG6
Amb Tu,38,Roger Padrós,Roger Padrós,2022-10-04,0iIMaFs0ttAAznsXHBtgpo
Citant Mercè Rodoreda,38,Els Amics de les Arts,Els Amics De Les Arts,2023-03-10,1wEFaZd3zgOyWmyFDqIJXm
El Gall Ot,38,El Pot Petit,El Pot Petit,2024-10-22,5Vjn6dIrvia5LIdCu7MdyG
Les Tres Pirates,38,El Pot Petit,El Pot Petit,2024-10-22,3N7LodjMlFOHG4xV7VPwyq
Ens hem guanyat l'estiu,38,Pau Vallvé,Pau Vallvé,2024-10-25,17aTo7cYCBNyYEfTkpoH9c
Aborigen,38,Auxili,"Auxili, pxllt",2025-04-03,5PJaJ0VYk24iy8wQXEKlNF
La Flama,37,Obrint Pas,Obrint Pas,2004-01-01,0R1dlMORh6eVjwVV8ZCA08
Que Boig El Món,37,Lax'n'Busto,Lax'n'Busto,2008-11-15,3PbbX1QtH45sDLraBHT70C
Me'n Vaig a Dormir,37,Dàmaris Gelabert,Dàmaris Gelabert,2010-11-01,2A9tEBVLrJccls54XkrClm
La Castanyera,37,Dàmaris Gelabert,Dàmaris Gelabert,2010-11-01,4RoKAxuAJy3gEsf6v24s6a
Seguirem Somniant,37,Sopa de Cabra,Sopa De Cabra,2011-10-03,1j6PO01ML6fQShsOau2QYU
Reis del Món,37,Joan Dausà,Joan Dausà,2013-08-07,1auy7HS1dmZycznaKQCQoU
Escopinya,37,Oques Grasses,Oques Grasses,2015-04-03,7apIPSn5fCcb8QbH5fv3dd
Rellotge de fang,37,Oques Grasses,Oques Grasses,2015-04-03,0kORwmH5WjlcjEqtn8JPiE
Senzilla,37,Oques Grasses,"Oques Grasses, La iaia",2015-04-03,2bAshmQY39OzRrgVFGYKKB
Fàcil,37,Oques Grasses,Oques Grasses,2015-04-03,5qYWF5QU5SjCfGKYBn9r6Y
Osset de Peluix,37,Figa Flawas,Figa Flawas,2015-04-03,2SAIopGCs9X0ZqAC5kvCVD
Let Me Alive,37,The Tyets,The Tyets,2015-04-03,1C0Hsm8BYhkroSD0w5mxdv
PRINCIPIS,37,La Fúmiga,La Fúmiga,2015-04-03,6RWffhYkegX9qrKKJ5q7XM
RÈCORD MUNDIAL,37,La Fúmiga,La Fúmiga,2015-04-03,45PRSTOnYzdo8Zgk0ldtUx
Her,37,La Fúmiga,La Fúmiga,2015-04-03,7AsFSutIBmXoPiDB4LGGi1
Diamants,37,Els Catarres,Els Catarres,2015-04-03,2nl5qpV7DFuX86Wb4KZb5t
Som Foc,37,Txarango,"Txarango, The Cat Empire",2015-04-03,6CI59IsPIkuExQqOEHwsrM
Esperança,37,Txarango,Txarango,2015-04-03,09iUViv6k6Pky2LBtURSch
LOKURA,37,Julieta,Julieta,2015-04-03,2ceTylNropN8MsY6BqE5R7
Correfoc,37,Zoo,ZOO,2015-04-03,4F1nbKqW3mUlP9eqnUJPPo
Teresa Rampell,37,Manel,Manel,2015-04-03,4CkF2DeTV5JAggq5113vUK
INSEPARABLES,37,31 FAM,31 FAM,2015-04-03,5t9fHsSi5cjWE8AI6kq8Dv
Des del Dia 1,37,31 FAM,31 FAM,2015-04-03,6yRnR48uZsR6fBFH0KTDJt
nana de les persones tristes,37,31 FAM,"31 FAM, el kid",2015-04-03,55qJIz4ei4TSUdZWbbUHfK
tres cases,37,31 FAM,"31 FAM, el kid",2015-04-03,23zvuCXMsmr9sniEq28XHQ
Soc l'Unicorn,37,El Pot Petit,El Pot Petit,2015-04-03,6qh5CnzKitswP5bgQ482dE
Animals de la Sabana,37,El Pot Petit,El Pot Petit,2015-04-03,4ZazZVcGm8WIHh2MG8J9JV
Avui l’únic que vull,37,Pau Vallvé,Pau Vallvé,2017-01-20,7ivvCLw3vJ27Bab0lNXOGG
No Ho Entens,37,Els Amics de les Arts,Els Amics De Les Arts,2017-02-24,0pdq1XgGGp0lxB7IDkclsP
100graus - Remix,37,Sexenni,"Figa Flawas, Lluc, Sexenni, Yung Rajola, Rito SKR, Noxtorn",2021-08-13,2VL2Q1jaMqBEGVQd5MBElb
A Poc a Poc,37,Doctor Prats,Doctor Prats,2022-04-29,7MNRD8c63DKT51LiofspxA
Me desplom,37,Maria Jaume,Maria Jaume,2022-05-13,6KWWMpx77b6UT8RLNHziBt
Supermercat,37,Lildami,Lildami,2022-06-15,1xWL9bMf3z7zBTaSv8BLOd
Amor del Bo,37,Rozalén,"Rozalén, Sílvia Pérez Cruz",2022-11-11,1NnS6dLeFEervQQVNEDn7D
Coco,37,Flashy Ice Cream,"The Tyets, Flashy Ice Cream",2023-03-03,6xUY4PmXfu053LRmWRIcaD
Si em tornes a mirar,37,Núria López,"Buhos, Núria López",2023-03-31,4u9SKtlpH2pzSvD7F0vAtg
Jo Mai Mai,37,Joan Dausà,Joan Dausà,2023-04-28,0vyy49HU4wnFJJPOVLNLyO
"Manela, no vull currar per vostè",37,La Ludwig Band,La Ludwig Band,2023-10-20,0Lo5a2Ms7cjCrTuRZkzeuw
Ressaca a sa platja,37,Maria Jaume,Maria Jaume,2024-03-15,6TMsPIBih5mb6phJiRZ4ee
Señal de Respeto,37,roots,"Mushkaa, Greta, roots",2024-03-27,556iuX1C4CMLq29To3qHAp
Serem més forts,37,Miki Núñez,Miki Núñez,2024-10-25,33hasXzBCCcUDHNT7DqlE6
LOTUS,37,roots,"Mushkaa, Bexnil, akaluigi, roots",2025-02-28,7sIyxFx40kc1Gi0d8EhE3l
Mon Cheri Go Home,37,Maria Jaume,"Maria Jaume, FADES",2025-03-14,0hx0XThgmAVXhE1IV08P0o
Aeròbic,37,Doctor Prats,Doctor Prats,2025-03-28,0I86wsZfH31DzWbUFIv94Z
M'oblido d'oblidar-te,37,Julieta,Julieta,2025-05-09,7AXFrgcthsVQeKJl5sW5BI
Nenes de ciutat,37,Habla de Mí en Presente,"Alosa, Habla de Mí en Presente",2025-07-01,6b62m8IpZDw33nzyl5NvQ4
S'ha acabat,36,Els Pets,Els Pets,1991-01-01,4HMmLuV21JOPv9RnK1WpAM
Si Vens (Remasteritzat 2013),36,Ja t'ho diré,Ja T'ho Dire,1995-11-15,4hIw9KnzBSLA5AtHEdGY00
El Boig de la Ciutat (En Directe),36,Sopa de Cabra,Sopa De Cabra,2002-11-15,0KRHcqnTK5y4qorLNy852u
L'Home Que Treballa Fent De Gos,36,Els Amics de les Arts,Els Amics De Les Arts,2009-09-01,36yV4rgw4Gl4VCFBRCd0iM
El Noi de la Mare,36,Dàmaris Gelabert,Dàmaris Gelabert,2010-11-01,33MnXgIwpfG8XzfCHlKgDl
Protagonistes,36,Pau Vallvé,Pau Vallvé,2010-11-15,6Rb5GvTGNspDFOhRq27i1v
Cresta,36,Oques Grasses,Oques Grasses,2015-04-03,5f13yJr0vz53DW1Zlrl5dV
Fill de Maria,36,Oques Grasses,Oques Grasses,2015-04-03,0Kze0kSPAXf8o11fSbhn9z
Cavall estable,36,Oques Grasses,Oques Grasses,2015-04-03,6tsoLZJRAhPafWvKS5cv4x
Celebrarem,36,Oques Grasses,Oques Grasses,2015-04-03,24k2XkvOd5P4lQomS1M2ZY
DESBOCAT,36,Figa Flawas,Figa Flawas,2015-04-03,6fmbzCxHNEHs96EcHnMBBT
SI TU M'HO DEMANES,36,Figa Flawas,Figa Flawas,2015-04-03,1dJDj9TPRBsLZDkB0X09Fw
EL VERMUTILLU,36,Figa Flawas,Figa Flawas,2015-04-03,3IAZZBbTDEBjbmhsLfoinV
Culet,36,Figa Flawas,Figa Flawas,2015-04-03,1SKvPSlWj2XTxdOAFrH3Ze
TAS LOKO,36,Mushkaa,"Mushkaa, roots",2015-04-03,73MjFllwVXf4jpgsw0eRUi
FOMO,36,La Fúmiga,La Fúmiga,2015-04-03,1Hh5UHY9n7YMySDJUBe4xO
Addictes a Viure,36,La Fúmiga,La Fúmiga,2015-04-03,3W435m3oSVo30tu1ndbV0G
Cap. 3: L'aposta,36,La Fúmiga,"La Fúmiga, Maluks",2015-04-03,2UAKkcn7fRWBttvJXTU1sa
Let it Out,36,Stay Homas,Stay Homas,2015-04-03,3AbOIsgNfIZzJ3yoOKa2nt
El Cap Per Avall,36,Zoo,ZOO,2015-04-03,7HT3uM1uAEN3UinrJRQ40f
Impresentables,36,Zoo,ZOO,2015-04-03,1oumohrgUQCuklap89QlLQ
Carrer de L'Amargura,36,Zoo,ZOO,2015-04-03,0YPUtkbwDtpTUchEKRIEjQ
Parece mentira,36,Zoo,"La Raíz, ZOO",2015-04-03,0fZY0qC77MrsFWyq2kdml6
L'Eva i la Jana,36,Ginestà,Ginestà,2015-04-03,0TvbW6a2deoJ9jNdbVCQqQ
Flor groga,36,Manel,Manel,2015-04-03,3J9TQ7DlZaRffSMYWUrUZ0
Creuant Tempestes,36,Doctor Prats,Doctor Prats,2015-04-03,4L0s3OAX2UhCq5SYYdCM7U
LA GAVINA (MAMBO REMIX) [feat. Magalí Sare],36,31 FAM,"31 FAM, Magalí Sare",2015-04-03,1YtiTNLfaPeYMp2JPUNGmm
BON ANYYYY,36,31 FAM,31 FAM,2015-04-03,0T4MeNAxZfoAfdubFsQbWP
Diria Que Eres Tu,36,Joan Dausà,Joan Dausà,2015-04-03,2UEXyiABrwgwoTwAcVH370
Per Nosaltres i els de Dalt,36,Joan Dausà,Joan Dausà,2015-04-03,5HU45C3HIO8c52dvM6wyuf
El Gat Enfadat,36,El Pot Petit,El Pot Petit,2015-04-03,6YbUCKvH7Uloy1WMyU87zA
El Jardí,36,El Pot Petit,"El Pot Petit, Anna Roig",2015-04-03,44rQQ1BEdluXY0OqCJMwKd
Només amb Tu,36,Animal,Animal,2016-02-16,2HVq3zbtKcMPOb0sasFtJj
Vestida de Nit,36,Sílvia Pérez Cruz,Sílvia Pérez Cruz,2017-05-05,0Tkkb29yC5WvXOwjgFZCLZ
Cada Cop Que Rius,36,Strombers,Strombers,2019-04-05,4EfeSSiuuQSUmKeZcBsxMD
Ítaca,36,Lildami,"Els Catarres, Lildami, Roba Estesa, Oques Grasses, Valtonyc, Pavvla, Suu, Marc Parrot, Guillem Roma, Judit Neddermann",2019-04-19,385tloLBduDnYVSCCmQQqX
Escriurem #joemcorono,36,Cesk Freixas,"Miki Núñez, Natalia Lacunza, Alba Reche, Sey Sisters, Sara Roy, Bely Basarte, Maren, Cesk Freixas, Adrià Salas, Blaumut, Doctor Prats, Lildami, Suu, Els Amics De Les Arts",2020-04-21,3EaxdgDNhWB6iyxTdaUOBh
Jugular,36,Triquell,Triquell,2023-03-24,5DAcnx1P9xVuBNtk5pV1dj
En peu de guerra,36,Xavi Sarrià,"Els Catarres, Xavi Sarrià, Smoking Souls, La Fúmiga, El Diluvi, La Gossa Sorda",2023-11-17,3ygm5eu3ZMo2rCQWd0outQ
I Si Tots Animem Guanyarem,36,FC Barcelona,"FC Barcelona, Grup d'Aficionats del Barça",2024-02-12,0UimXwwNWSnGE0LbKXDY7f
SOLUCIONS i NO PROBLEMES - Remix,36,Dj Capde,"Figa Flawas, Mon DJ, DJ Capde",2024-05-29,4MpXMkT1jhHxSK6dtb3PFX
PARAUL·LES D'AMOR,36,Al·lèrgiques al pol·len,"Al·lèrgiques al pol·len, Ven'nus, Joan Manuel Serrat",2024-11-22,5a1Z8buhrysaqn6MYCFW4T
Perdent el rumb,36,Ginestà,"Flashy Ice Cream, Ginestà",2025-01-17,6fVBwJ8sBRfCYKneOf5QmW
No Hi Haurà Manera,36,roots,"Mushkaa, Maria Jaume, Bexnil, roots, akaluigi",2025-02-28,5mgf0WgewWIbptfkivZyfV
ZiG ZaG (intro),36,roots,"Mushkaa, Bexnil, roots, akaluigi",2025-02-28,7G9jSvGlXVE6304a89jLBg
Valencianotalibans,36,Auxili,Auxili,2025-04-03,0Efzq32tVhBDCQq6lhPbch
Sort que sou aquí,36,Els Amics de les Arts,"Els Amics De Les Arts, La Fúmiga",2025-04-23,7IBoC1u58MUjBzU0Ij6ra0
El Vol de L'Home Ocell,35,Sangtraït,Sangtraït,1988-01-01,33Hi5iQNivK6Q198d60u16
Vespre,35,Els Pets,Els Pets,1989-01-01,4P9fsKZpfOWmYG4GMbkbYh
Illes Dins d'un Riu,35,Tomeu Penya,Tomeu Penya,1994-01-01,3fPuZeRTy3dpNxRg7DFWNq
Trepitja Fort,35,Lax'n'Busto,Lax'n'Busto,2000-01-01,3C7A6R1QsrN5Oj881xNEVL
Si Et Va Bé,35,Sopa de Cabra,Sopa De Cabra,2001-11-15,6DDmuANyPKgv736tcrTv1i
Agost,35,Els Pets,Els Pets,2004-01-01,05cL2TWpCIRtF601wHUCO7
Batiscafo Katiuscas,35,Antònia Font,Antònia Font,2006-01-01,0p22isB9cvNajvi63OtYf8
Amic dels Cirerers,35,Pau Vallvé,Pau Vallvé,2010-11-15,1mIBwsvrMuvHv7Ruxe5e9Z
Me Sobren Paraules,35,Antònia Font,Antònia Font,2011-04-12,0HHuNEwFNbbbSWEKn8FAkk
Tinc Una Bèstia Dintre Meu,35,Quimi Portet,Quimi Portet,2012-03-13,5Poszhee4qz9Sn91vPa0Rp
Petxina lliure,35,Oques Grasses,Oques Grasses,2015-04-03,1INPy7fhElrs4Z1TXMBjPZ
Bananeres (feat. Oques Grasses),35,Oques Grasses,"La Pegatina, Oques Grasses",2015-04-03,6zmZLbgtbJP2GC96EI3wtz
BACANERIA,35,Figa Flawas,Figa Flawas,2015-04-03,41M1ZjFFAkdvEPWOmi5Nix
M'EQUIVOCAVA,35,Figa Flawas,Figa Flawas,2015-04-03,6A6DNlY4WnyCl6SAjKdDro
La Meva Nena,35,Figa Flawas,Figa Flawas,2015-04-03,4dkuMgTyBeEf9nf2Dt3VkO
Bomba de fum,35,The Tyets,The Tyets,2015-04-03,6J5WnxvBBAgBZFVcwZk5g4
Tornem a casa,35,The Tyets,The Tyets,2015-04-03,7bc9WLunD2VxC2FxC3bKVB
La Dels Manolos,35,The Tyets,"The Tyets, Los Manolos",2015-04-03,5DGtrF9Wlqtu1NpXtEoTA1
MUSHKINHA LET'S PLAY SAMBA,35,Mushkaa,"Mushkaa, Bexnil, roots, akaluigi",2015-04-03,2vHKFdaQFSc5sl5f9TQQGf
Entre el Fum,35,Mushkaa,"Mushkaa, roots",2015-04-03,72yu5AOso77GTX97O491kE
LOEWE,35,Mushkaa,"Mushkaa, Raul Clyde, roots",2015-04-03,01ZvvafMDxlqMYbX0j14Wh
LA CASA PLENA,35,La Fúmiga,La Fúmiga,2015-04-03,321v4Qg9B8rynQVLvN14xD
TORNAR,35,La Fúmiga,La Fúmiga,2015-04-03,0A6YcrjgGTyZ5Pp7lrrkXQ
El Temporal,35,Buhos,Buhos,2015-04-03,7yeRndWon8wcSIioE9wBYR
Today is the day,35,Buhos,"Buhos, Mar Lucas",2015-04-03,0kCwogCcYRnmgVnaowyYBF
COMENÇAR A VIURE,35,Els Catarres,Els Catarres,2015-04-03,0BZRAG4qkoWogsUiS46ryL
El Meu Poble,35,Txarango,Txarango,2015-04-03,1Lma66u6qSHrgivTlkR4YH
La Mestra,35,Zoo,ZOO,2015-04-03,66nDwQOlQVSEeeXvNjn227
Imperfeccions,35,Zoo,"ZOO, Los Chikos del Maiz, At Versaris",2015-04-03,5KsQcLnn6C3u7KfgY1BawQ
Faena,35,Zoo,ZOO,2015-04-03,0LYTFu1369d52bk7FttbHX
Ulls d'avellana,35,Ginestà,Ginestà,2015-04-03,6IpRRIBXP3fYj2JcmSjqQK
Ara és estiu cada desembre,35,Ginestà,Ginestà,2015-04-03,3RMUObLiWZURBCg2hDE8sz
AMOR ESTACIONAL,35,Ginestà,Ginestà,2015-04-03,3jXGtH5jIpTAGn5LyK0DCq
El gran salt,35,Manel,Manel,2015-04-03,0SizsUtnsnw01xFRRIqjLj
Roma,35,Manel,Manel,2015-04-03,1TI9AHfzImK6B1ZYZc8Nr5
La jungla,35,Manel,Manel,2015-04-03,1JDfbF2DWzbNkyE1ZCInwx
Massa Bé,35,Doctor Prats,Doctor Prats,2015-04-03,4AuJuU08RiSniCdtBPWBZz
Al Final Tot Anirà Bé,35,Doctor Prats,Doctor Prats,2015-04-03,7quCXhBK5kDV6UJ1X22Wlz
CUANDO ME MIRAS,35,31 FAM,31 FAM,2015-04-03,6QBXneaIoJLzzXLInQn0M6
Un Plan B,35,31 FAM,31 FAM,2015-04-03,0DIibzZSCXmeDVJQK9KcZ0
Caure No Feia Mal (with Santi Balmes),35,Joan Dausà,"Joan Dausà, Santi Balmes",2015-04-03,3RIXspBsYpDlRuvTyw1gDI
Parlant de Tu i de Mi,35,Joan Dausà,Joan Dausà,2015-04-03,0RUuFUfQePZNwbjmTp6eaZ
Tot Anirà Bé,35,Joan Dausà,Joan Dausà,2015-04-03,5aIeoLKMGqI62tvFCSdWuh
Hi ha algú que em va dir,35,Joan Dausà,Joan Dausà,2015-04-03,5d9mA79aHUZkC4d7H2Nwox
La Cacatua,35,El Pot Petit,El Pot Petit,2015-04-03,6c0xJaSbkKEPxpziVVA6hg
El Pirata Despistat,35,El Pot Petit,"El Pot Petit, Els Amics De Les Arts",2015-04-03,6P0W2Qd55859v2PfsAyBzB
Nit salvatge,35,Smoking Souls,"Smoking Souls, Boikot, Els Catarres, Los Chikos del Maiz",2015-12-14,3TwSlfvFPPoz0K1yL1Ujxn
Lligar No És Lo Teu,35,Suu,Suu,2018-04-01,3YBjSSzSKTqflcKmWmtTH4
Karrasketon - La Nit És Nostra,35,Pupil·les,"La Fúmiga, Pupil·les",2019-11-05,7asy12mheZ5BW2XZMUH3Hi
Celebrem,35,Miki Núñez,Miki Núñez,2019-12-01,3nJ3hk158f3E1i1mKVBd3d
Viatjarem,35,Xanguito,Xanguito,2020-02-28,12yMxz1jxHhsxS0DPQcUFl
Milions D'Estrelles,35,Xanguito,Xanguito,2020-02-28,2LAuBXg68LrTDr9UGKmybm
Autonomia per principiants,35,Maria Jaume,Maria Jaume,2020-09-04,5OazScsRZcyT9t73t0pYHE
Britney - Remix,35,Scotty DK,"Mama Dousha, The Tyets, Scotty DK",2022-01-07,5BJ3cdLrXRdUm897dKzGpB
Desembre,35,La Ludwig Band,La Ludwig Band,2022-11-01,2tGNu8X6xtsI14HadO7gcC
Tot el que volem és okupar-te el xalet,35,Remei de Ca la Fresca,Remei de Ca la Fresca,2023-08-25,4jhFWG4d9nz411nJixfFZM
El teu noi,35,La Ludwig Band,La Ludwig Band,2023-10-20,5PMbq7p71VBFP2uxU88lQl
ENTRE CARN I OS,35,Marala,"ZETAK, Marala",2023-12-06,0yu7ZI1GIslf82ROLBppFP
Els ocells,35,Maria Hein,"Ginestà, MARIA HEIN",2024-02-09,3aL3DPH3UHsekni3VeKHdL
1899 Neix el Club Que Porto al Cor,35,FC Barcelona,"FC Barcelona, Grup d'Aficionats del Barça",2024-02-12,4Y1u7JyE80w2J9N7EidHst
"Oh, Força Barça Ale",35,FC Barcelona,"FC Barcelona, Grup d'Aficionats del Barça",2024-02-12,0LX0UDDxvMRbuVc49uGGFQ
Diuen x ahí,35,Cactus,"Cactus, NAINA",2024-03-22,1SGgt8nKP2LcF6JAMI7X28
